"Ward.Number","Ward.Name"
1,"EtobicokeNorth"
2,"EtobicokeCentre"
3,"EtobicokeLakeshore"
4,"ParkdaleHighPark"
5,"YorkSouthWeston"
6,"YorkCentre"
7,"HumberRiverBlackCreek"
8,"EglintonLawrence"
9,"Davenport"
10,"SpadinaFortYork"
11,"UniversityRosedale"
12,"TorontoStPauls"
13,"TorontoCentre"
14,"TorontoDanforth"
15,"DonValleyWest"
16,"DonValleyEast"
17,"DonValleyNorth"
18,"Willowdale"
19,"BeachesEastYork"
20,"ScarboroughSouthwest"
21,"ScarboroughCentre"
22,"ScarboroughAgincourt"
23,"ScarboroughNorth"
24,"ScarboroughGuildwood"
25,"ScarboroughRougePark"
