"Funding.Program","Full.Name.Final"
"Youth Cultural Incubators Stabilization Initiative","Youth Cultural Incubators Stabilization Initiative"
"YVP","Youth Violence Prevention Grants"
"YCISI","Youth Cultural Incubators Stabilization Initiative"
"YCAG","Youth Climate Action Grants"
"WRCG","Waste Reduction Community Grants"
"Transit Construction Mitigation Fund","Transit Construction Mitigation Fund"
"Toronto Significant Event Investment Program","Toronto Significant Event Investment Program"
"TTSP","Toronto Tenant Support Program"
"TSEIP","Toronto Significant Event Investment Program"
"TOS","TO Supports Fund"
"TAF","Toronto Atmospheric Fund"
"TAF","Toronto Atmopheric Fund"
"TAC Strategic Partnership","Toronto Arts Council"
"TAC Project - Visual and Media Arts","Toronto Arts Council"
"TAC Project - Theatre","Toronto Arts Council"
"TAC Project - Newcomer and Refugee","Toronto Arts Council"
"TAC Project - Music","Toronto Arts Council"
"TAC Project - Literary","Toronto Arts Council"
"TAC Project - Innovation and Capacity Building","Toronto Arts Council"
"TAC Project - Indigenous Arts","Toronto Arts Council"
"TAC Project - Dance","Toronto Arts Council"
"TAC Project - Creative Communities","Toronto Arts Council"
"TAC Project - Black Arts","Toronto Arts Council"
"TAC Project - Art Reach","Toronto Arts Council"
"TAC Project - Animating","Toronto Arts Council"
"TAC Operating - Visual and Media Arts","Toronto Arts Council"
"TAC Operating - Theatre","Toronto Arts Council"
"TAC Operating - Music","Toronto Arts Council"
"TAC Operating - Literary","Toronto Arts Council"
"TAC Operating - Dance","Toronto Arts Council"
"TAC Operating - Creative Communities","Toronto Arts Council"
"TAC Operating - Community Music Making","Toronto Arts Council"
"TAC Operating - Black Arts","Toronto Arts Council"
"TAC Large Institutions","Toronto Arts Council"
"TAC - Administrative Fee","Toronto Arts Council"
"TAC","Toronto Arts Council"
"Strategic Policy and Management Services Directed Grants","Strategic Policy and Management Services Directed Grants"
"Strategic Policy and Management Services  Event Sponsorships","Strategic Policy and Management Services  Event Sponsorships"
"StrArts","StreetARToronto"
"StARTPP","StreetARToronto Partnership Program"
"StART PP","StART PP"
"StART MP","StART MP"
"StART","StreetARToronto"
"Special Events Stabilization Initiative","Special Events Stabilization Initiative"
"SSRF","Social Services Relief Fund"
"SNP","Student Nutrition Program"
"SNOW","Snow Shovelling and Lawn Care"
"SDIP","Social Development Investment Program"
"SBEC Core, Starter Company Plus & Summer Company","SBEC Core, Starter Company Plus & Summer Company"
"RPSDP","Regent Park Social Development Plan"
"REC","Community Recreation"
"PTCG","PollinateTO Community Grant Program"
"PG","Projects and Events Grants ( Projects)"
"PG","Projects and Events Grants ( Events)"
"Other","Other"
"None","None"
"NG","Neighbourhood Grants"
"NCAG","Neighbourhood Climate Action Grants"
"Museum and Heritage Services Directed Grants","Museum and Heritage Services Directed Grants"
"Main Street Recovery & Rebuild Initiative","Main Street Recovery & Rebuild Initiative"
"MUS","Museums"
"MNR","Minor Recreation Funding"
"MJR","Major Recreation Funding"
"MCO","Major Cultural Organizations"
"Local Arts Service Organizations","Local Arts Service Organizations"
"LASO","Local Arts Service Organizations"
"Indigenous Arts & Culture Fund","Indigenous Arts & Culture Fund"
"INO","Innovations Grants"
"INI","Identify & Impact"
"IMM","Immunization Action Plan"
"ILG","Local Leadership Grant"
"IFF","Indigenous Funding Framework"
"ICAG","Indigenous Climate Action Grants"
"IAO","Indigenous Affairs Office"
"IACPF","Indigenous Arts and Culture Partnerships Fund"
"IACP","Indigenous Arts and Culture Partnerships Fund"
"HPP","Homelessness Prevention Program"
"HIF","Homeless Initative Fund"
"HIF","Homeless Initiative Fund"
"HER","Home Efficiency Rebate"
"GameOn","GameOn"
"GV","Gun Violence Grants"
"GSCM","Grants to Specialized Collection Museum"
"Film and Creative Industries Event Sponsorships","Film and Creative Industries Event Sponsorships"
"Film and Creative Industries Directed Grants","Film and Creative Industries Directed Grants"
"FSIP","Food Security Investment Program"
"FOR","Urban Forestry"
"FEST","Community Festivals & Special Events"
"Economic Development Services Event Sponsorships","Economic Development Services Event Sponsorships"
"Economic Development Services Directed Grants","Economic Development Services Directed Grants"
"ENF","Emerging Neighbourhood Fund"
"EG","Projects and Events Grants ( Events)"
"Dining District Grant Program","Dining District Grant Program"
"DPCIP","Drug Prevention Community Investment Program"
"DON","Community Development Units"
"Cultural Organization Operating Partnership","Cultural Organization Operating Partnership"
"Cultural Hotspot","Cultural Hotspot"
"Cultural Festivals Funding Program","Cultural Festivals Funding Program"
"Creative Industries Grant","Creative Industries Grant"
"Community Celebration Support Fund","Community Celebration Support Fund"
"CaféTO Grant","CaféTO Grant"
"CSWBU","Community Safety and Wellbeing Unit"
"CSP-OneTime","Community Services Partnerships"
"CSP","Community Services Partnerships"
"CSI","Community Safety Investments"
"CPP","Community Partnership Program"
"COOP","Cultural Organization Operating Partnership"
"CLI","Community Legacy Initiatives"
"CIU","Community Development Units"
"CHS","Community Housing Support"
"CH","Community Housing Support"
"CFSE","Community Festivals & Special Events"
"CFIF","Cultural Festivals Investment Fund"
"CFFP","Cultural Festivals Funding Program"
"CDU","Community Development Units"
"CCRF","Community Crisis Response Fund"
"CCC","Competitiveness, Creativity and Collaboration"
"CBIP","Culture Build Investment Program"
"CB","Capacity Building Grants"
"CADP","Cultural Access and Development Program"
"CABR","Confronting Anti-Black Racism"
"Business Incubation & Commercialization Grant","Business Incubation & Commercialization Grant"
"BMFF","Black-Mandated Funding Framework"
"BIA Capacity Development Grant","BIA Capacity Development Grant"
"Arts and Culture Services Event Sponsorships","Arts and Culture Services Event Sponsorships"
"Arts and Culture Services Directed Grants","Arts and Culture Services Directed Grants"
"APCIP","AIDS Prevention Community Investment Program"
"AEHR","Access Equity and Human Rights"
