"Organization","Total Number of Grants","Ward","Service Area","Total Funding Amount","Funder/ Funding Program","year"
"Agincourt Community Services Association","1",22,"Local",12000,"CAF","2020"
"Jane/Finch Family and Community Centre","1",7,"Local",15000,"CAF","2020"
"Warden Woods Community Centre","1",20,"Local",4400,"CAF","2020"
"East Scarborough Boys & Girls Club","1",24,"Local",15000,"CAF","2020"
"Scarborough Food Security Initiative","1",20,"Local",4000,"CAF","2020"
"Access Alliance Multicultural Health and Community Services","1",15,"Local",15000,"CAF","2020"
"Rexdale Women's Centre","1",1,"Local",14000,"CAF","2020"
"Albion Neighbourhood Services","1",1,"Local",15000,"CAF","2020"
"LAMP Community Health Centre","1",3,"Local",15000,"CAF","2020"
"Weston Frontlines Centre","1",5,"Local",15000,"CAF","2020"
"Caribbean African Canadian Social Services (CAFCAN)","1",7,"Local",15000,"CAF","2020"
"North York Community House","1",8,"Local",8151,"CAF","2020"
"Working Women Community Centre","1",9,"Local",4840,"CAF","2020"
"Unison Health and Community Services","1",8,"Local",3834,"CAF","2020"
"Greenest City","1",4,"Local",15000,"CAF","2020"
"The Neighbourhood Organization","1 (of 2)",15,"Local",15000,"CAF","2020"
"The Neighbourhood Organization","2 (of 2)",15,"Local",15000,"CAF","2020"
