"_id","Field Name / Item / Column name","Description / Definition","Comments / Examples","date_from_filename"
1,"AEHR","Access Equity and Human Rights","None","2022"
2,"CABR","Confronting Anti-Black Racism Unit","None","2022"
3,"CADP","Cultural Access and Development Program","None","2022"
4,"CAF","Climate Action Fund","None","2022"
5,"CB","Capacity Building Grants","None","2022"
6,"CBIP","Culture Build Investment Program","None","2022"
7,"CCRF","Community Crisis Response Fund","None","2022"
8,"CDU","Community Development Unit","None","2022"
9,"CFFP","Cultural Festivals Funding Program","None","2022"
10,"CIU","Community Infrastructure Unit","None","2022"
11,"CLI","Community Legacy Initiatives","None","2022"
12,"CSI","Community Safety Investments","None","2022"
13,"CSP","Community Services Partnerships","None","2022"
14,"CSWBU","Community Safety and Wellbeing Unit","None","2022"
15,"DON","Donations","None","2022"
16,"EG","Projects and Events Grants (Events)","None","2022"
17,"FEST","Community Festivals & Special Events","None","2022"
18,"FOR","Urban Forestry","None","2022"
19,"GSCM","Grants to Specialized Collection Museum","None","2022"
20,"GV","Gun Violence Grants","None","2022"
21,"HIF","Homeless Initative Fund","None","2022"
22,"IACPF","Indigenous Arts and Culture Partnership Fund","None","2022"
23,"IAO","Indigenous Affairs Office","None","2022"
24,"IMM","Immunization Action Plan","None","2022"
25,"INI","Identify & Impact","None","2022"
26,"INO","Innovation Grants","None","2022"
27,"LASO","Local Arts Service Organizations","None","2022"
28,"MCO","Major Cultural Organizations","None","2022"
29,"MUS","Museums","None","2022"
30,"NCAG","Neighbourhood Climate Action Grants","None","2022"
31,"NG","Neighbourhood Grants","None","2022"
32,"Other","Other Grants","None","2022"
33,"PG","Projects and Events Grants ( Projects)","None","2022"
34,"PTCG","PollinateTO Community Grant Program","None","2022"
35,"REC","Community Recreation","None","2022"
36,"SDIP","Social Development Investment Program","None","2022"
37,"SNP","Student Nutrition Program","None","2022"
38,"SSRF","Social Service Relief Fund","None","2022"
39,"StART MP","StreetARToronto Monumental Program","None","2022"
40,"StART PP","StreetARToronto Partnership Program","None","2022"
41,"TAC","Toronto Arts Council","None","2022"
42,"TAF","Toronto Atmospheric Fund","None","2022"
43,"TSEIP","Toronto Significant Event Investment Program","None","2022"
44,"TTSP","Toronto Tenant Support Program","None","2022"
45,"WRCG","Waste Reduction Community Grants","None","2022"
46,"YDU","Youth Development Unit","None","2022"
47,"YVP","Youth Violence Prevention Grants","None","2022"
48,"BIC","Business Incubation and Commercialization (BIC) Grant","None","2023"
49,"CB","Capacity Building Grants","None","2023"
50,"CBIP","Culture Build Investment Program","None","2023"
51,"CBICGG","Capacity-building Grants for Indigenous-led Collectives & Grassroots Groups","None","2023"
52,"CCRF","Community Crisis Response Fund","None","2023"
53,"COOP","Cultural Organization Operating Partnership","None","2023"
54,"CSP","Community Services Partnerships","None","2023"
55,"EG","Projects and Events Grants ( Events)","None","2023"
56,"FOR","Urban Forestry","None","2023"
57,"GSCM","Grants to Specialized Collection Museum","None","2023"
58,"HIF","Homeless Initative Fund","None","2023"
59,"IACPF","Indigenous Arts and Culture Partnership Fund","None","2023"
60,"ICAG","Indigenous Climate Action Grants","None","2023"
61,"IMM","Immunization Action Plan","None","2023"
62,"INI","Identify & Impact","None","2023"
63,"INO","Innovation","None","2023"
64,"LASO","Local Arts Service Organizations","None","2023"
65,"MCO","Major Cultural Organizations","None","2023"
66,"MUS","Museums","None","2023"
67,"NCAG","Neighbourhood Climate Action Grants","None","2023"
68,"NG","Neighbourhood Grants","None","2023"
69,"Other","Other Grants","None","2023"
70,"PG","Projects and Events Grants ( Projects)","None","2023"
71,"PTCG","PollinateTO Community Grant Program","None","2023"
72,"SNP","Student Nutrition Program","None","2023"
73,"StART MP","StreetARToronto Monumental Program","None","2023"
74,"StART PP","StreetARToronto Partnership Program","None","2023"
75,"TAC","Toronto Arts Council","None","2023"
76,"TCS","Toronto Children's Services","None","2023"
77,"TTSP","Toronto Tenant Support Program","None","2023"
78,"YCAG","Youth Climate Action Grant","None","2023"
79,"YVP","Youth Violence Prevention Grants","None","2023"
80,"WRCG","Waste Reduction Community Grants","None","2023"
81,"AASSP","Anchor Agency Services & Supports Program","None","2024"
82,"BIC","Business Incubation and Commercialization Grant","None","2024"
83,"BMFF","Black-Mandated Funding Framework","None","2024"
84,"CB","Capacity Building Grants","None","2024"
85,"CBICGG","Capacity-building Grants for Indigenous-led Collectives & Grassroots Groups","None","2024"
86,"CCRF","Community Crisis Response Fund","None","2024"
87,"CFFP","Cultural Festivals Funding Program","None","2024"
88,"CFIF","Circular Food Innovators Fund","None","2024"
89,"CH","Cultural Hotspot","None","2024"
90,"COOP","Cultural Organization Operating Partnership","None","2024"
91,"CSP","Community Services Partnerships","None","2024"
92,"FOR","Urban Forestry","None","2024"
93,"HIF","Homeless Initiative Fund","None","2024"
94,"HPP","Homelessness Prevention Program","None","2024"
95,"ICAG","Indigenous Climate Action Grants","None","2024"
96,"IFF","Indigenous Funding Framework","None","2024"
97,"INI","Identify & Impact","None","2024"
98,"LASO","Local Arts Service Organizations","None","2024"
99,"LLG","Local Leadership Grants","None","2024"
100,"NCAG","Neighbourhood Climate Action Grants","None","2024"
101,"Other","Other Grants","None","2024"
102,"PTCG","PollinateTO Community Grant Program","None","2024"
103,"RPSDP","Regent Park Social Development Plan Grant","None","2024"
104,"SNP","Student Nutrition Program","None","2024"
105,"StART PP","StreetARToronto Partnership Program","None","2024"
106,"TAC","Toronto Arts Council","None","2024"
107,"TAS","Toronto Animal Services","None","2024"
108,"TCS","Toronto Children's Services","None","2024"
109,"TTSP","Toronto Tenant Support Program","None","2024"
110,"YCAG","Youth Climate Action Grant","None","2024"
111,"YCISI","Youth Cultural Incubators Stabilization Initiative","None","2024"
112,"YVP","Youth Violence Prevention Grants","None","2024"
113,"AASSP","Anchor Agency Services & Supports Program","None","2025"
114,"AEHR","Access Equity and Human Rights","None","2025"
115,"BIC","Business Incubation and Commercialization","None","2025"
116,"BMFF","Black Mandated Funding Framwork","None","2025"
117,"CB","Capacity Building Grants","None","2025"
118,"CBIP","Culture Build Investment Program","None","2025"
119,"CCRF","Community Crisis Response Fund","None","2025"
120,"CFFP","Cultural Festivals Funding Program","None","2025"
121,"CFIF","Circular Food Innovators Fund","None","2025"
122,"CHS","Cultural Hotspot","None","2025"
123,"CLI","Community Legacy Initiatives","None","2025"
124,"COOP","Cultural Organizations Operating Program","None","2025"
125,"CPP","CCP Resilient Partnerships Grant","None","2025"
126,"CSI","Community Safety Investments","None","2025"
127,"CSP","Community Services Partnerships","None","2025"
128,"EG","Projects and Events Grants ( Events)","None","2025"
129,"FEST","Community Festivals & Special Events","None","2025"
130,"FOR","Urban Forestry","None","2025"
131,"GSCM","Grants to Specialized Collection Museum","None","2025"
132,"GV","Gun Violence Grants","None","2025"
133,"HIF","Homeless Initative Fund","None","2025"
134,"HPP","Homelessness Prevention Program","None","2025"
135,"ICAG","Indigenous Climate Action Grants","None","2025"
136,"IFF","Indigenous Funding Framework","None","2025"
137,"ILG","Indigenous Legacy Gathering","None","2025"
138,"IMM","Immunization Action Plan","None","2025"
139,"INI","Identify & Impact","None","2025"
140,"LASO","Local Arts Service Organizations","None","2025"
141,"LLG","Local Leadership Grant","None","2025"
142,"MCO","Major Cultural Organizations","None","2025"
143,"MUS","Museums","None","2025"
144,"NCAG","Neighbourhood Climate Action Grants","None","2025"
145,"Other","Other Grants","None","2025"
146,"PG","Projects and Events Grants ( Projects)","None","2025"
147,"PTCG","PollinateTO Community Grant Program","None","2025"
148,"REC","Community Recreation","None","2025"
149,"SDIP","Social Development Investment Program","None","2025"
150,"SNP","Student Nutrition Program","None","2025"
151,"StART MP","StreetARToronto Monumental Program","None","2025"
152,"StART PP","StreetARToronto Partnership Program","None","2025"
153,"TAC","Toronto Arts Council","None","2025"
154,"TCDI","Targeted Community Development Investmen t","None","2025"
155,"TTSP","Toronto Tenant Support Program","None","2025"
156,"Ward","Ward number (City of Toronto)","None","2025"
157,"WRCG","Waste Reduction Community Grants","None","2025"
158,"YCISI","Youth Cultural Incubators Stabilization Initiative","None","2025"
159,"YVP","Youth Violence Prevention Grants","None","2025"
