"Organization","Total Number of Grants","Ward","Service Area","Total Funding Amount","Funder/ Funding Program","Division","#","year"
"11661183 Canada Association","1","8","Local",10408,"TAC","TAC",1,"2020"
"1S1 Collective","1","10","City-wide",20000,"TAC","TAC",2,"2020"
"2000FeetUp Theatre","1","18","Local",13500,"TAC","TAC",3,"2020"
"42 Voices","1","23","Neighbourhood",1750,"NG","SDFA",4,"2020"
"50/50 Performing Arts Collective","1","8","City-wide",15000,"TAC","TAC",5,"2020"
"5N2 Kitchen","1 of 2","24","Local",99600,"TOS","SDFA",6,"2020"
"5N2 Kitchen","2 of 2","24","Local",160000,"TOS","SDFA",7,"2020"
"A Space Gallery","1","10","City-wide",62000,"TAC","TAC",8,"2020"
"Abrigo Centre","1","9","Local",114380,"CSP","SDFA",9,"2020"
"Access Alliance Multicultural Health and Community Services","1 of 2","11","City-wide",217020,"CSP","SDFA",10,"2020"
"Access Alliance Multicultural Health and Community Services","2 of 2","11","City-wide",20000,"TAC","TAC",11,"2020"
"Across Boundaries","1 of 3","8","City-wide",70000,"TOS","SDFA",12,"2020"
"Across Boundaries","2 of 3","8","City-wide",15000,"TOS","SDFA",13,"2020"
"Across Boundaries","3 of 3","8","City-wide",185000,"TOS","SDFA",14,"2020"
"Across Oceans","1","11","City-wide",6000,"TAC","TAC",15,"2020"
"Actors Repertory Company","1","13","City-wide",15000,"TAC","TAC",16,"2020"
"Adelheid Dance Projects","1","9","City-wide",15000,"TAC","TAC",17,"2020"
"Adornment Stories Collective","1","5","Neighbourhood",3000,"NG","SDFA",18,"2020"
"Afghan Women's Counseling and Integration
Community Support Organization","1","17","City-wide",81260,"CSP","SDFA",19,"2020"
"Afri - Can Food Basket","1 of 2","6","City-wide",80000,"TOS","SDFA",20,"2020"
"Afri - Can Food Basket","2 of 2","6","City-wide",75000,"TOS","SDFA",21,"2020"
"Africans in Partnership Against AIDS / APAA","1 of 2","13","City-wide",112020,"CSP","SDFA",22,"2020"
"Africans in Partnership Against AIDS / APAA","2 of 2","13","City-wide",50000,"TOS","SDFA",23,"2020"
"Aga Khan Museum","1","16","City-wide",2e+05,"CADP","EDC",24,"2020"
"Against the Grain Theatre","1","13","City-wide",9000,"TAC","TAC",25,"2020"
"Agincourt Community Services Association","1 of 7","22","City-wide",219115,"CSP","SDFA",26,"2020"
"Agincourt Community Services Association","2 of 7","22","Local",65000,"INO","SDFA",27,"2020"
"Agincourt Community Services Association","3 of 7","22","Local",50000,"TOS","SDFA",28,"2020"
"Agincourt Community Services Association (ACSA)","4 of 7","22","Local",2e+05,"YVP","SDFA",29,"2020"
"Agincourt Community Services Association","5 of 7","22","City-wide",86812,"HIF","SSHA",30,"2020"
"Agincourt Community Services Association","6 of 7","22","City-wide",53132,"HIF","SSHA",31,"2020"
"Agincourt Community Services Association","7 of 7","22","City-wide",86212,"HIF","SSHA",32,"2020"
"Ahuri Theatre","1","9","City-wide",17625,"TAC","TAC",33,"2020"
"AIDS Committee of Toronto","1","13","City-wide",74950,"CSP","SDFA",34,"2020"
"Albion Neighbourhood Services","1 of 3","1","Local",447000,"HIF","SSHA",35,"2020"
"Albion Neighbourhood Services","2 of 3","1","Local",163450,"CSP","SDFA",36,"2020"
"Albion Neighbourhood Services","3 of 3","1","Neighbourhood",2e+05,"YVP","SDFA",37,"2020"
"Alexandra Park Community Centre","1 of 5","10","Local",3000,"CCRF","SDFA",38,"2020"
"Alexandra Park Community Centre","2 of 5","10","Local",18750,"PG","SDFA",39,"2020"
"Alexandra Park Community Centre","3 of 5","10","Neighbourhood",40000,"TOS","SDFA",40,"2020"
"Alexandra Park Community Centre/Fork in the Road","4 of 5","10","Neighbourhood",18750,"PG","SDFA",41,"2020"
"Alexandra Park Community Centre/Alexandra Park Cooperative","5 of 5","10","Local",18750,"PG","SDFA",42,"2020"
"Alliance for Equality of Blind Canadians","1","10","City-wide",50000,"TOS","SDFA",43,"2020"
"Alliance Francaise de Toronto","1","11","City-wide",11000,"TAC","TAC",44,"2020"
"Aluna Theatre","1","9","City-wide",45500,"TAC","TAC",45,"2020"
"Amadeus Choir of Greater Toronto","1","23","City-wide",25375,"TAC","TAC",46,"2020"
"Amici Chamber Ensemble","1","16","City-wide",20000,"TAC","TAC",47,"2020"
"Amir Akbari","1","24","Neighbourhood",14400,"StART PP","TRANSPORT SERVICES",48,"2020"
"Amplified Opera","1","10","City-wide",15000,"TAC","TAC",49,"2020"
"Anandam Dancetheatre Productions","1","9","City-wide",21000,"TAC","TAC",50,"2020"
"ANDPVA","1","11","Local",15000,"TAC","TAC",51,"2020"
"Angel Foundation for Learning","1","18","City-wide",4352722,"SNP","TPH",52,"2020"
"Anishnawbe Health Toronto (AHT)","1","13","City-wide",1e+05,"TOS","SDFA",53,"2020"
"Anne Johnston Health Station – Tobias House Attendant Care (operating as Vibrant Healthcare
Alliance)","1","8","City-wide",40640,"CSP","SDFA",54,"2020"
"Aphasia Institute","1","16","City-wide",24315,"CSP","SDFA",55,"2020"
"Applegrove Community Complex","1","14","Neighbourhood",60000,"CB","SDFA",56,"2020"
"Arab Community Centre of Toronto","1 of 2","2","Local",20000,"TAC","TAC",57,"2020"
"Arab Community Centre of Toronto","2 of 2","2","City-wide",43010,"CSP","SDFA",58,"2020"
"Arbor Day Foundation","1","18","City-wide",9900,"FOR","PFR",59,"2020"
"ARCH Disability Law Centre","1","10","City-wide",34410,"CSP","SDFA",60,"2020"
"Architect Theatre","1","11","City-wide",15000,"TAC","TAC",61,"2020"
"Armenian Relief Society Inc. Roubina Chapter","1","17","City-wide",24315,"CSP","SDFA",62,"2020"
"Arraymusic","1","10","City-wide",48090,"TAC","TAC",63,"2020"
"Art Fusion","1","20","City-wide",5000,"TAC","TAC",64,"2020"
"Art Gallery of Ontario","1","10","City-wide",684000,"CADP","EDC",65,"2020"
"Art Gallery of York University","1 of 2","7","City-wide",73000,"TAC","TAC",66,"2020"
"Art Gallery of York University","2 of 2","7","Local",25000,"TAC","TAC",67,"2020"
"Art Ignite","1 of 2","16","Local",10000,"TAC","TAC",68,"2020"
"Art Ignite","2 of 2","16","Local",12000,"TAC","TAC",69,"2020"
"Art Metropole","1","9","City-wide",40000,"TAC","TAC",70,"2020"
"Art Museum University of Toronto","1","11","City-wide",20000,"TAC","TAC",71,"2020"
"Art Spin Toronto","1","9","Local",9500,"TAC","TAC",72,"2020"
"Art Starts","1","8","City-wide",72000,"TAC","TAC",73,"2020"
"Artists Film Exhibition Group","1","9","City-wide",23000,"TAC","TAC",74,"2020"
"Arts Etobicoke","1 of 3","1","Neighbourhood",60000,"StART PP","TRANSPORT SERVICES",75,"2020"
"Arts Etobicoke","2 of 3","3","Local",436295,"LASO","EDC",76,"2020"
"Arts Etobicoke","3 of 3","3","Local",50000,"TAC","TAC",77,"2020"
"Arts Inter-Media Canada/Dance Collection Danse","1","13","City-wide",37400,"TAC","TAC",78,"2020"
"Arts4All Creative Society","1","9","City-wide",15000,"TAC","TAC",79,"2020"
"Ashkenaz Foundation","1","11","City-wide",50000,"TAC","TAC",80,"2020"
"Aspirare Vocal Collective","1","12","City-wide",2400,"TAC","TAC",81,"2020"
"At Dem","1","9","City-wide",13000,"TAC","TAC",82,"2020"
"AWHL - Assaulted Women's Helpline","1 of 2","10","City-wide",63930,"CSP","SDFA",83,"2020"
"AWHL - Assaulted Women's Helpline","2 of 2","10","City-wide",1e+05,"CSP","SDFA",84,"2020"
"Axis Music Inc.","1","11","Local",10500,"TAC","TAC",85,"2020"
"b current Performing Arts Corp","1","12","City-wide",30000,"TAC","TAC",86,"2020"
"Bach Children's Chorus of Scarborough","1","24","City-wide",31100,"TAC","TAC",87,"2020"
"Bad Hats Theatre","1","11","City-wide",15000,"TAC","TAC",88,"2020"
"Bad New Days","1","4","City-wide",15000,"TAC","TAC",89,"2020"
"Bad Pony Productions","1","9","City-wide",4000,"TAC","TAC",90,"2020"
"Bain Apartments Co-operative Inc.","1","14","Neighbourhood",24101,"WRCG","ENERGY & ENV.",91,"2020"
"Ballet Creole","1","9","City-wide",18000,"TAC","TAC",92,"2020"
"Ballet Jörgen Canada","1","12","City-wide",95000,"TAC","TAC",93,"2020"
"BAM! Toronto Youth Slam","1","6","City-wide",13500,"TAC","TAC",94,"2020"
"Barbra Schlifer Commemorative Clinic","1","11","City-wide",55795,"CSP","SDFA",95,"2020"
"Bathurst Finch Senior Society (BASS)","1","6","Neighbourhood",2500,"NG","SDFA",96,"2020"
"Bathurst Finch Women's Group","1","6","Neighbourhood",2500,"NG","SDFA",97,"2020"
"Batuki Music Society","1","11","City-wide",15000,"TAC","TAC",98,"2020"
"Bayview Village Association","1","17","Neighbourhood",550,"FOR","PFR",99,"2020"
"Beading by US","1","21","Neighbourhood",2800,"NG","SDFA",100,"2020"
"Belka Enrichment Centre/Caribbean Global Mission","1","7","Local",40000,"TOS","SDFA",101,"2020"
"Bereaved Families of Ontario - Toronto","1 of 2","12","City-wide",7625,"TAC","TAC",102,"2020"
"Bereaved Families of Ontario-Toronto","2 of 2","12","City-wide",73300,"CSP","SDFA",103,"2020"
"Better Living Health and  Community Services","1 of 2","16","Neighbourhood",239370,"CSP","SDFA",104,"2020"
"Better Living Health and Community Services","2 of 2","16","Local",65000,"INO","SDFA",105,"2020"
"BHJMS Parents Group","1","1","Neighbourhood",3000,"NG","SDFA",106,"2020"
"Bigger Than We Collective","1","13","City-wide",9330,"TAC","TAC",107,"2020"
"Bikur Cholim","1","8","City-wide",10000,"TOS","SDFA",108,"2020"
"Birchmount Bluffs Neighbourhood Centre","1","20","Local",91155,"CSP","SDFA",109,"2020"
"Birchmount Wellness","1","21","Neighbourhood",2200,"NG","SDFA",110,"2020"
"Black Coalition for AIDS Prevention","1 of 2","13","City-wide",57376,"TOS","SDFA",111,"2020"
"Black Coalition for AIDS Prevention","2 of 2","13","City-wide",30000,"TOS","SDFA",112,"2020"
"Black COVID Resilience Health Promotion Project","1","16","City-wide",25745,"TOS","SDFA",113,"2020"
"Black Creek","1","7","Neighbourhood",2000,"NG","SDFA",114,"2020"
"Black Creek Community Farm","1 of 2","7","Local",1e+05,"TOS","SDFA",115,"2020"
"Black Creek Community Farm","2 of 2","7","Local",227434,"TOS","SDFA",116,"2020"
"Black Creek Community Health Centre","1 of 3","7","City-wide",180000,"TOS","SDFA",117,"2020"
"Black Creek Community Health Centre","2 of 3","7","Local",60000,"TOS","SDFA",118,"2020"
"Black Creek Community Health Centre","3 of 3","7","Local",60000,"TOS","SDFA",119,"2020"
"Black Creek Youth Initiative","1","5","Neighbourhood",2500,"NG","SDFA",120,"2020"
"Black Lily Arts","1","5","Local",10000,"TAC","TAC",121,"2020"
"Black Lives Matter- Toronto","1","9","City-wide",35000,"TAC","TAC",122,"2020"
"Black Seed","1","8","Neighbourhood",3000,"CCRF","SDFA",123,"2020"
"Black Women Film! Canada","1","20","City-wide",10000,"TAC","TAC",124,"2020"
"Black Youth Commission","1","7","Neighbourhood",3000,"NG","SDFA",125,"2020"
"Blanket Program","1","7","Local",9946,"TAC","TAC",126,"2020"
"Blissymbolics Communication Institute Canada","1","16","City-wide",14500,"TAC","TAC",127,"2020"
"Blue Ceiling Dance","1","4","City-wide",6439,"TAC","TAC",128,"2020"
"Bob Rumball Canadian Centre of Excellence for the Deaf","1 of 2","15","City-wide",14760,"CSP","SDFA",129,"2020"
"Bob Rumball Canadian Centre of Excellence for the Deaf","2 of 2","15","Local",60000,"TOS","SDFA",130,"2020"
"Bonesthrown","1","10","Local",13000,"TAC","TAC",131,"2020"
"Boost Child and Youth Advocacy Centre","1","15","City-wide",285105,"CSP","SDFA",132,"2020"
"BoucharDanse","1","9","City-wide",15000,"TAC","TAC",133,"2020"
"Braeburn Neighbourhood Place","1","1","Local",51985,"CSP","SDFA",134,"2020"
"BrAIDS for AIDS","1","10","City-wide",15000,"TOS","SDFA",135,"2020"
"Breakthroughs Film Festival","1","9","City-wide",7500,"TAC","TAC",136,"2020"
"Brick Literary Collective","1","11","City-wide",5000,"TAC","TAC",137,"2020"
"BSAM Canada Institute","1","10","City-wide",7000,"TAC","TAC",138,"2020"
"Buddies in Bad Times Theatre","1","13","City-wide",168500,"TAC","TAC",139,"2020"
"Building Up","1","5","City-wide",3e+05,"TAF","TAF",140,"2020"
"Bureau of Power & Light Collective","1","10","Neighbourhood",60000,"StART PP","TRANSPORT SERVICES",141,"2020"
"Cabbagetown Youth Centre Inc.","1 of 3","13","Neighbourhood",15000,"CB","SDFA",142,"2020"
"Cabbagetown Youth Centre Inc.","2 of 3","13","Neighbourhood",40545,"CSP","SDFA",143,"2020"
"Cabbagetown Youth Centre Inc.","3 of 3","13","Neighbourhood",214444,"CSP","SDFA",144,"2020"
"CADA/East","1","13","City-wide",21000,"TAC","TAC",145,"2020"
"Cahoots Theatre","1","13","City-wide",50000,"TAC","TAC",146,"2020"
"Cajuca Mas Arts Producers","1","21","Local",15000,"TAC","TAC",147,"2020"
"Cana Seniors' Activity Centre","1","21","Neighbourhood",1250,"NG","SDFA",148,"2020"
"Canada Comics Open Library","1","13","Local",6000,"TAC","TAC",149,"2020"
"Canada International Scientific Exchange Program","1","11","City-wide",50000,"TOS","SDFA",150,"2020"
"Canada's National Ballet School","1","13","City-wide",225000,"CADP","EDC",151,"2020"
"Canadian Centre for Victims of Torture","1","13","City-wide",28785,"CSP","SDFA",152,"2020"
"Canadian Children's Opera Company","1","13","City-wide",24700,"TAC","TAC",153,"2020"
"Canadian Contemporary Dance Theatre","1","13","City-wide",56000,"TAC","TAC",154,"2020"
"Canadian Dance Assembly / Assemblée canadienne de la danse","1","13","City-wide",15000,"TAC","TAC",155,"2020"
"Canadian Gambian Youth Development
Association","1","3","Local",25140,"TOS","SDFA",156,"2020"
"Canadian Music Centre","1","13","City-wide",73000,"TAC","TAC",157,"2020"
"Canadian Opera Company","1","13","City-wide",1500000,"TAC","TAC",158,"2020"
"Canadian Stage","1","13","City-wide",832000,"TAC","TAC",159,"2020"
"Canadian Tamil Youth Development Centre","1","24","City-wide",136665,"CSP","SDFA",160,"2020"
"CanAsian Dance Festival","1","13","City-wide",22000,"TAC","TAC",161,"2020"
"Canzine Arts Festival","1","9","City-wide",3140,"TAC","TAC",162,"2020"
"Carefirst Seniors and Community Services Association","1 of 2","22","City-wide",100970,"CSP","SDFA",163,"2020"
"Carefirst Seniors and Community Services Association","2 of 2","22","Local",20000,"TOS","SDFA",164,"2020"
"careful collective","1","9","City-wide",10000,"TAC","TAC",165,"2020"
"CARFAC Ontario","1","10","City-wide",24000,"TAC","TAC",166,"2020"
"Caribbean African Canadian Social Services (CAFCAN)","1 of 3","7","Local",65000,"INO","SDFA",167,"2020"
"Caribbean African Canadian Social Services (CAFCAN)","2 of 3","7","City-wide",70000,"TOS","SDFA",168,"2020"
"Caribbean African Canadian Social Services 
(CAFCAN)","3 of 3","7","Local",2e+05,"TOS","SDFA",169,"2020"
"CaribbeanTales","1 of 2","9","City-wide",15000,"TAC","TAC",170,"2020"
"CaribbeanTales","2 of 2","9","City-wide",15000,"TAC","TAC",171,"2020"
"Casa Maiz Cultural Centre Inc.","1","6","Local",13000,"TAC","TAC",172,"2020"
"Cathedral Bluffs Symphony Orchestra","1","20","Local",20000,"TAC","TAC",173,"2020"
"Catholic Crosscultural Services","1","21","City-wide",28710,"CSP","SDFA",174,"2020"
"Cecil Community Centre","1","11","Local",5530,"CSP","SDFA",175,"2020"
"Centre for Young Black Professionals","1 of 7","17","City-wide",50000,"CB","SDFA",176,"2020"
"Centre for Young Black Professionals","2 of 7","17","Neighbourhood",52000,"CB","SDFA",177,"2020"
"Centre for Young Black Professionals","3 of 7","17","Local",191898,"YVP","SDFA",178,"2020"
"Centre for Young Black Professionals","4 of 7","17","City-wide",60000,"TOS","SDFA",179,"2020"
"Centre for Young Black Professionals","5 of 7","17","City-wide",50000,"TOS","SDFA",180,"2020"
"Centre for Young Black Professionals","6 of 7","17","City-wide",30000,"TOS","SDFA",181,"2020"
"Centre for Young Black Professionals","7 of 7","17","City-wide",50000,"TOS","SDFA",182,"2020"
"Centennial College of Applied Arts and Technology","1","14","Neighbourhood",5010,"FOR","PFR",183,"2020"
"Central Eglinton Community Centre","1","12","Neighbourhood",29630,"CSP","SDFA",184,"2020"
"Central Etobicoke Community Hub Initiative","1","2","Local",10000,"INO","SDFA",185,"2020"
"Centre for Connected Communities/MakeWay","1","25","Local",1e+05,"INO","SDFA",186,"2020"
"Centre for Equality Rights in Accommodation (CERA)","1","10","City-wide",118672,"HIF","SSHA",187,"2020"
"Centre for Immigrant and Community Services","1","22","City-wide",128150,"CSP","SDFA",188,"2020"
"Centre for Independent Living in Toronto (C.I.L.T.)","1","13","City-wide",25610,"CSP","SDFA",189,"2020"
"Centre for Indigenous Theatre","1","10","City-wide",54450,"TAC","TAC",190,"2020"
"Centre for Social Innovation","1 of 2","13","Neighbourhood",35000,"PG","SDFA",191,"2020"
"Centre for Social Innovation","2 of 2","13","Neighbourhood",47000,"PG","SDFA",192,"2020"
"CFMDC","1","9","City-wide",51000,"TAC","TAC",193,"2020"
"Charles Street Video","1","9","City-wide",54500,"TAC","TAC",194,"2020"
"Children's Aid Society of Toronto","1","14","City-wide",57409,"HIF","SSHA",195,"2020"
"Children's Peace Theatre","1","19","City-wide",50000,"TAC","TAC",196,"2020"
"Chinese Artists Society of Toronto","1","22","City-wide",14500,"TAC","TAC",197,"2020"
"Chinese Canadian National Council Toronto Chapter","1","21","City-wide",61520,"CSP","SDFA",198,"2020"
"Chinese Family Services of Ontario","1","22","City-wide",40925,"CSP","SDFA",199,"2020"
"Chocolate Woman Collective","1","9","City-wide",15000,"TAC","TAC",200,"2020"
"Christie Ossington Neighbourhood Centre","1","9","City-wide",75015,"CSP","SDFA",201,"2020"
"CineFAM","1 of 2","9","City-wide",9000,"TAC","TAC",202,"2020"
"CineFAM","2 of 2","9","City-wide",15000,"TAC","TAC",203,"2020"
"Citadel + Compagnie","1","13","City-wide",57000,"TAC","TAC",204,"2020"
"Clay and Paper Theatre","1 of 2","9","City-wide",24000,"TAC","TAC",205,"2020"
"Clay and Paper Theatre","2 of 2","9","Local",25000,"TAC","TAC",206,"2020"
"Clean Air Partnership","1","10","City-wide",122000,"TAF","TAF",207,"2020"
"Cliffcrest Community Centre (operating as Heart Beatz)","1","24","Local",36870,"CSP","SDFA",208,"2020"
"Climate Change Mount Dennis","1","5","Neighbourhood",3000,"NG","SDFA",209,"2020"
"CNIB Foundation","1","12","Neighbourhood",25000,"StART PP","TRANSPORT SERVICES",210,"2020"
"Coalition Building","1 of 2","9","City-wide",25000,"TAC","TAC",211,"2020"
"Coalition Building","2 of 2","9","Local",19500,"TAC","TAC",212,"2020"
"Coalition of Canadian Independent Media Art Distributors (CCIMAD)","1","9","City-wide",55000,"TAC","TAC",213,"2020"
"Coco Collective","1","1","Local",10000,"TAC","TAC",214,"2020"
"Community Arts Guild","1","19","Local",25000,"TAC","TAC",215,"2020"
"Community Information Fairview","1","17","Local",35175,"CSP","SDFA",216,"2020"
"Community Social Planning Council of Toronto","1 of 2","13","City-wide",426200,"CSP","SDFA",217,"2020"
"Community Social Planning Council of Toronto","2 of 2","13","Neighbourhood",260003,"NG","SDFA",218,"2020"
"Community Story Collective","1","14","Local",11700,"TAC","TAC",219,"2020"
"Concrete Cabaret","1","9","City-wide",13150,"TAC","TAC",220,"2020"
"Confluence Concerts","1","11","City-wide",10400,"TAC","TAC",221,"2020"
"Connect Youth","1","5","Neighbourhood",2500,"NG","SDFA",222,"2020"
"Continuum Contemporary Music Ensemble","1","5","City-wide",26000,"TAC","TAC",223,"2020"
"CORPUS","1","9","City-wide",33000,"TAC","TAC",224,"2020"
"Corvette Community Advocates","1","20","Neighbourhood",2500,"NG","SDFA",225,"2020"
"COSTI Immigrant Services","1 of 2","7","City-wide",541725,"HIF","SSHA",226,"2020"
"COSTI Immigrant Services","2 of 2","9","City-wide",140805,"CSP","SDFA",227,"2020"
"Council of Agencies Serving South Asians","1","23","City-wide",61520,"CSP","SDFA",228,"2020"
"Covenant House","1 of 2","13","Neighbourhood",115000,"PG","SDFA",229,"2020"
"Covenant House Toronto","2 of 2","13","Neighbourhood",3000,"CCRF","SDFA",230,"2020"
"CP Planning and Black UrbanismTO","1","5","Local",1787,"CCRF","SDFA",231,"2020"
"Craft Ontario","1","9","City-wide",23100,"TAC","TAC",232,"2020"
"Creation Company","1","10","City-wide",15000,"TAC","TAC",233,"2020"
"Crip Rave","1","5","City-wide",8000,"TAC","TAC",234,"2020"
"Critical Distance Centre for Curators","1 of 2","10","City-wide",50000,"TAC","TAC",235,"2020"
"Critical Distance Centre for Curators","2 of 2","10","City-wide",11000,"TAC","TAC",236,"2020"
"Cross Toronto Community Development Corporation (Fresh Start Cleaning)","1","4","Local",139108,"HIF","SSHA",237,"2020"
"Crows Theatre","1","14","City-wide",48000,"TAC","TAC",238,"2020"
"CUE-SKETCH","1","10","City-wide",15000,"TAC","TAC",239,"2020"
"CultureLink Settlement and Community Services","1 of 2","4","City-wide",104990,"CSP","SDFA",240,"2020"
"CultureLink Settlement and Community Services","2 of 2","4","Local",199074,"YVP","SDFA",241,"2020"
"Daily Bread Food Bank","1","3","City-wide",150000,"TOS","SDFA",242,"2020"
"Dance Immersion Ontario","1","11","City-wide",35000,"TAC","TAC",243,"2020"
"Dance Matters Dance Productions","1","14","City-wide",10000,"TAC","TAC",244,"2020"
"Dance Me a Song Collective","1","12","City-wide",2500,"TAC","TAC",245,"2020"
"Dance Ontario Association","1","10","City-wide",20000,"TAC","TAC",246,"2020"
"Dance Together Festival","1","3","Local",25000,"TAC","TAC",247,"2020"
"Dancemakers","1","10","City-wide",96600,"TAC","TAC",248,"2020"
"DanceWorks","1","10","City-wide",55000,"TAC","TAC",249,"2020"
"Dashmaawaan Bemaadzinjin - They Feed the People","1","3","City-wide",50000,"TOS","SDFA",250,"2020"
"Davenport-Perth Neighbourhood and Community
Health Centre","1","9","Neighbourhood",94305,"CSP","SDFA",251,"2020"
"DAWA Collective","1","19","City-wide",18000,"TAC","TAC",252,"2020"
"Dead Projects","1","9","City-wide",11000,"TAC","TAC",253,"2020"
"DeenUp Athletics (COVID19 Youth-Led)","1","13","Neighbourhood",3000,"CCRF","SDFA",254,"2020"
"Delta Family Resource Centre","1 of 7","1","Local",25000,"TAC","TAC",255,"2020"
"Delta Family Resource Centre","2 of 7","1","City-wide",15000,"CCRF","SDFA",256,"2020"
"Delta Family Resource Centre","3 of 7","1","City-wide",118710,"CSP","SDFA",257,"2020"
"Delta Family Resource Centre","4 of 7","1","Local",65000,"INO","SDFA",258,"2020"
"Delta Family Resource Centre","5 of 7","1","Local",26000,"TOS","SDFA",259,"2020"
"Delta Family Resource Centre","6 of 7","1","Local",8000,"TOS","SDFA",260,"2020"
"Delta Family Resource Centre","7 of 7","1","Local",174988,"CSP","SDFA",261,"2020"
"Department of Imaginary Affairs","1","13","Local",15000,"TAC","TAC",262,"2020"
"DevelopMe Youth","1","5","Neighbourhood",1000,"NG","SDFA",263,"2020"
"Dia de los Muertos Collective","1","12","Local",13000,"TAC","TAC",264,"2020"
"Diaspora Dialogues","1","11","City-wide",46000,"TAC","TAC",265,"2020"
"Din of Shadows","1","11","City-wide",3400,"TAC","TAC",266,"2020"
"Directors Lab North","1","14","City-wide",10000,"TAC","TAC",267,"2020"
"Distress Centres of Toronto","1","13","City-wide",123875,"CSP","SDFA",268,"2020"
"Dixon Community Services","1","1","Local",58995,"CSP","SDFA",269,"2020"
"Dixon Hall (operating as Dixon Hall Neighbourhood Services)","1","13","Local",343645,"CSP","SDFA",270,"2020"
"Doris McCarthy Gallery, University of Toronto Scarborough","1","25","Local",54900,"TAC","TAC",271,"2020"
"Dorset Park Asian-up","1","21","Neighbourhood",1250,"NG","SDFA",272,"2020"
"Doubletalks Collective","1","12","Local",8275,"TAC","TAC",273,"2020"
"Dovercourt Boys' and Girls' Club","1","9","Local",58170,"CSP","SDFA",274,"2020"
"Dreamers League","1","8","Neighbourhood",1500,"NG","SDFA",275,"2020"
"Dreamwalker Dance Company","1","9","City-wide",25000,"TAC","TAC",276,"2020"
"Dusk Dances Inc.","1","9","City-wide",33000,"TAC","TAC",277,"2020"
"Each One Teach One","1","2","Local",3000,"CCRF","SDFA",278,"2020"
"East End Arts","1","14","City-wide",183000,"LASO","EDC",279,"2020"
"East Scarborough Boys & Girls Club & Next Generation Arts","1 of 5","24","Local",2e+05,"YVP","SDFA",280,"2020"
"East Scarborough Boys and Girls Club","2 of 5","24","Local",184405,"CSP","SDFA",281,"2020"
"East Scarborough Boys and Girls Club","3 of 5","24","Local",175000,"INO","SDFA",282,"2020"
"East Scarborough Boys and Girls Club","4 of 5","24","Local",4e+05,"TOS","SDFA",283,"2020"
"East Scarborough Boys and Girls Club","5 of 5","24","Local",327600,"TOS","SDFA",284,"2020"
"East Scarborough Storefront-Tides Canada","1","24","City-wide",93315,"CSP","SDFA",285,"2020"
"East York and East Toronto Family Resources","1 of 2","14","City-wide",31355,"CSP","SDFA",286,"2020"
"East York East Toronto Family Resources","2 of 2","14","Local",226898.06,"HIF","SSHA",287,"2020"
"East York Meals on Wheels","1","15","Local",30145,"CSP","SDFA",288,"2020"
"Eastview Neighbourhood Community Centre","1","14","Local",69910,"CSP","SDFA",289,"2020"
"Echo Women's Choir","1","13","City-wide",9000,"TAC","TAC",290,"2020"
"Elevate Equity","1","3","Local",10000,"TAC","TAC",291,"2020"
"Elspeth Heyworth Centre For Women (North York)","1","7","Local",31245,"CSP","SDFA",292,"2020"
"Emerging Young Artists Inc.","1","10","City-wide",8500,"TAC","TAC",293,"2020"
"Emotionart","1","14","Local",7720,"TAC","TAC",294,"2020"
"Employment and Economic Development Social Development Plan Working Table","1","13","Neighbourhood",2000,"NG","SDFA",295,"2020"
"Engaged Communities","1","15","Local",2625,"CCRF","SDFA",296,"2020"
"Environmental Defence","1","10","City-wide",240000,"TAF","TAF",297,"2020"
"ephemera Collective","1","14","City-wide",6000,"TAC","TAC",298,"2020"
"Epilepsy Toronto","1","13","City-wide",44670,"CSP","SDFA",299,"2020"
"Eritrean Canadian Community Centre of Metropolitan Toronto","1 of 2","12","City-wide",31980,"CSP","SDFA",300,"2020"
"Eritrean Canadian Community Centre of Metropolitan Toronto","2 of 2","12","City-wide",75000,"TOS","SDFA",301,"2020"
"Eshkiniigjik Naandwechigegamig, Aabiish Gaa Binjibaaying - ENAGB Youth Program","1","5","City-wide",199400,"YVP","SDFA",302,"2020"
"Esmeralda Enrique Spanish Dance Company","1","10","City-wide",28000,"TAC","TAC",303,"2020"
"Ethio-Canadian Seniors Club","1","4","Local",40000,"TOS","SDFA",304,"2020"
"Etobicoke Centennial Choir","1","2","City-wide",4750,"TAC","TAC",305,"2020"
"Etobicoke Community Concert Band","1","3","Local",6500,"TAC","TAC",306,"2020"
"Etobicoke North Youth in Sports and Fitness","1","1","Neighbourhood",1000,"NG","SDFA",307,"2020"
"Etobicoke Philharmonic Orchestra","1","2","City-wide",11000,"TAC","TAC",308,"2020"
"Etobicoke Services for Seniors","1","2","Local",111850,"CSP","SDFA",309,"2020"
"Evangel Hall","1","10","Neighbourhood",61312,"HIF","SSHA",310,"2020"
"Evergreen","1","11","City-wide",8000,"TAC","TAC",311,"2020"
"Exercise for Everyone","1","1","Neighbourhood",3000,"NG","SDFA",312,"2020"
"Expres Arte","1","9","Local",6740,"TAC","TAC",313,"2020"
"Extend-A-Family","1","8","City-wide",25585,"CSP","SDFA",314,"2020"
"Exultate Chamber Singers","1","11","City-wide",8000,"TAC","TAC",315,"2020"
"Factory Theatre","1","10","City-wide",169500,"TAC","TAC",316,"2020"
"FADO Performance Inc.","1","10","City-wide",24000,"TAC","TAC",317,"2020"
"Fall for Dance North Festival Inc.","1","18","City-wide",15000,"TAC","TAC",318,"2020"
"Falstaff Junior Youth Council","1","5","Neighbourhood",2000,"NG","SDFA",319,"2020"
"Family Service Toronto","1 of 2","13","City-wide",113205,"CSP","SDFA",320,"2020"
"Family Service Toronto","2 of 2","13","City-wide",10000,"TOS","SDFA",321,"2020"
"Fault Line Productions","1","9","City-wide",10000,"TAC","TAC",322,"2020"
"FCJ Refugee Centre","1 of 2","9","City-wide",99000,"TOS","SDFA",323,"2020"
"FCJ Refugee Centre","2 of 2","9","City-wide",40000,"TOS","SDFA",324,"2020"
"Feed It Forward","1 of 2","4","Local",95000,"TOS","SDFA",325,"2020"
"Feed It Forward","2 of 2","4","Local",72000,"TOS","SDFA",326,"2020"
"Feed the Frontlines","1","1","Neighbourhood",75000,"TOS","SDFA",327,"2020"
"Feel Ways","1","25","Local",20000,"TAC","TAC",328,"2020"
"Femmes du Feu Creations","1","9","City-wide",6000,"TAC","TAC",329,"2020"
"Fernie Youth Services (Formerly Fernie House)","1","21","Neighbourhood",291356,"YVP","SDFA",330,"2020"
"Festival Management Committee (Toronto Caribbean Carnival)","1","19","City-wide",625000,"CADP","EDC",331,"2020"
"Fife House Foundation Inc.","1","13","City-wide",150000,"HIF","SSHA",332,"2020"
"Findhelp Information Services","1 of 2","12","City-wide",1e+05,"CB","SDFA",333,"2020"
"Findhelp Information Services","2 of 2","12","City-wide",656595,"CSP","SDFA",334,"2020"
"First Nations House - Indigenous Student Services at the University of Toronto","1","11","City-wide",30000,"IACP","EDC",335,"2020"
"First Portuguese Canadian Cultural Centre of Toronto","1","9","Local",14760,"CSP","SDFA",336,"2020"
"Flemingdon Health Centre","1","16","Local",1e+05,"YVP","SDFA",337,"2020"
"Flemingdon Park Ministry","1","16","Local",65000,"INO","SDFA",338,"2020"
"Flemingdon Park Podcast Association (FPPA)","1","16","Neighbourhood",1250,"NG","SDFA",339,"2020"
"Flemingdon Senior Group","1","16","Neighbourhood",1250,"NG","SDFA",340,"2020"
"Flemingdon/Thorncliffe Sewing Sustainability
Group","1","16","Neighbourhood",1250,"NG","SDFA",341,"2020"
"Flemo Park Community Kings and Queens","1","16","Neighbourhood",1250,"NG","SDFA",342,"2020"
"FOCUS Media Arts Centre","1","13","Neighbourhood",40500,"PG","SDFA",343,"2020"
"FoodShare Toronto","1 of 4","5","City-wide",150000,"TOS","SDFA",344,"2020"
"FoodShare Toronto","2 of 4","2","Neighbourhood",50000,"FOR","PFR",345,"2020"
"FoodShare Toronto","3 of 4","5","City-wide",230315,"CSP","SDFA",346,"2020"
"FoodShare Toronto","4 of 4","5","City-wide",250000,"TOS","SDFA",347,"2020"
"For You Telecare Family Service","1","16","City-wide",16720,"CSP","SDFA",348,"2020"
"For Youth Initiative in Toronto","1","5","Local",129035,"CSP","SDFA",349,"2020"
"Francophonie en Fete Corporation","1","11","City-wide",10000,"TAC","TAC",350,"2020"
"Franklin Carmichael Art Group","1","1","Local",4600,"TAC","TAC",351,"2020"
"Franklin Horner Community Centre","1","3","City-wide",31365,"CSP","SDFA",352,"2020"
"Fred Victor","1","13","Local",50000,"TOS","SDFA",353,"2020"
"Friends of Roding Park","1","6","Neighbourhood",2500,"NG","SDFA",354,"2020"
"Friends of Thorncliffe Park","1","15","Neighbourhood",1000,"NG","SDFA",355,"2020"
"fu-GEN Theatre Company","1","13","City-wide",28500,"TAC","TAC",356,"2020"
"Fujiwara Dance Inventions","1","13","City-wide",22000,"TAC","TAC",357,"2020"
"Fundy Bay & Terry Fox Community","1","22","Neighbourhood",1500,"NG","SDFA",358,"2020"
"Gallery 44 Centre for Contemporary Photography","1","10","Local",86500,"TAC","TAC",359,"2020"
"Gardiner Museum","1","11","City-wide",161535,"CADP","EDC",360,"2020"
"Gendai Gallery","1","4","City-wide",30000,"TAC","TAC",361,"2020"
"Generation Chosen","1","7","Local",22000,"TOS","SDFA",362,"2020"
"Generator Performance","1","11","City-wide",36000,"TAC","TAC",363,"2020"
"Gerstein Crisis Centre","1 of 2","9","City-wide",40000,"TOS","SDFA",364,"2020"
"Gerstein Crisis Centre","2 of 2","9","City-wide",70000,"TOS","SDFA",365,"2020"
"GHANAFEST","1","1","Local",13500,"TAC","TAC",366,"2020"
"Ghanaian Canadian Association of Ontario","1","1","City-wide",1e+05,"TOS","SDFA",367,"2020"
"Glad Day Bookshop Proud Voices Collective","1","13","City-wide",11000,"TAC","TAC",368,"2020"
"Glam Team 6ix7","1","21","Neighbourhood",2500,"NG","SDFA",369,"2020"
"Glendower Safety Group","1","22","Neighbourhood",2500,"NG","SDFA",370,"2020"
"Green Thumbs Growing Kids","1","8, 10, 11, 13, 14, 19","Neighbourhood",15818,"FOR","PFR",371,"2020"
"Growing With It","1","24","Local",10000,"TAC","TAC",372,"2020"
"H3 Collective - Heads-On, Hearts-On, Hands-On","1","25","Local",15840,"TAC","TAC",373,"2020"
"Habitat for Humanity Greater Toronto Area","1","9","Neighbourhood",50000,"FOR","PFR",374,"2020"
"Hand Eye Society","1","11","City-wide",15000,"TAC","TAC",375,"2020"
"Harbord Village Residents' Association","1","11","Neighbourhood",16050,"TAF","TAF",376,"2020"
"Harbourfront Centre","1","10","City-wide",1315500,"CADP","EDC",377,"2020"
"Harriet Tubman Community Organization","1 of 4","17","City-wide",54000,"CB","SDFA",378,"2020"
"Harriet Tubman Community Organization","2 of 4","17","Local",54270,"CSP","SDFA",379,"2020"
"Harriet Tubman Community Organization","3 of 4","17","City-wide",10000,"TOS","SDFA",380,"2020"
"Harriet Tubman Community Organization","4 of 4","17","Local",1e+05,"YVP","SDFA",381,"2020"
"HEARt* (Healing Engagement Artivism for Recovery from Trauma)","1","7","Neighbourhood",3000,"NG","SDFA",382,"2020"
"Hemophilia Ontario","1","18","City-wide",28785,"CSP","SDFA",383,"2020"
"Hercinia Arts Collective","1","10","Local",15000,"TAC","TAC",384,"2020"
"Heritage Skills Development Center (HSDC)","1 of 2","21","City-wide",13000,"TAC","TAC",385,"2020"
"Heritage Skills Development Centre","2 of 2","21","Local",75000,"TOS","SDFA",386,"2020"
"Highway of Heroes Tree Campaign (Ontario Horticultural Trades Foundation)","1","25","Neighbourhood",1e+05,"FOR","PFR",387,"2020"
"Hispanic Development Council","1","6","City-wide",61520,"CSP","SDFA",388,"2020"
"Hong Fook Mental Health Association","1 of 3","22","City-wide",25585,"CSP","SDFA",389,"2020"
"Hong Fook Mental Health Association","2 of 3","22","City-wide",70000,"TOS","SDFA",390,"2020"
"Hong Fook Mental Health Association","3 of 3","22","City-wide",40000,"TOS","SDFA",391,"2020"
"Hospitality Workers Resource Centre","1","13","Local",80000,"TOS","SDFA",392,"2020"
"Hospitality Workers Training Centre (HWTC, aka Hawthorn Kitchen)","1","13","Local",78000,"TOS","SDFA",393,"2020"
"Hot Damn It's A Queer Slam","1","11","City-wide",6000,"TAC","TAC",394,"2020"
"Hot Docs","1","11","City-wide",190000,"TAC","TAC",395,"2020"
"Hounslow Heath Road Residents","1","9","Neighbourhood",3000,"NG","SDFA",396,"2020"
"Human Body Expression Dance Company","1","19","Local",6000,"TAC","TAC",397,"2020"
"Humbermede Youth Advisory Group","1","7","Neighbourhood",1000,"NG","SDFA",398,"2020"
"Humewood House Association","1","12","City-wide",75000,"HIF","SSHA",399,"2020"
"HXOUSE","1","10","City-wide",50000,"YCISI","EDC",400,"2020"
"iBall Canada","1","16","Neighbourhood",2500,"NG","SDFA",401,"2020"
"ImaginArte","1","10","Local",15000,"TAC","TAC",402,"2020"
"imagineNATIVE Film + Media Arts Festival","1","10","City-wide",75000,"TAC","TAC",403,"2020"
"IMMER","1","4","Local",7220,"TAC","TAC",404,"2020"
"Inamorata Dance Collective","1","4","City-wide",7750,"TAC","TAC",405,"2020"
"InDANCE South Asian Dance Arts Inc.","1","13","City-wide",15000,"TAC","TAC",406,"2020"
"Indigenous Fashion Week Toronto","1","14","City-wide",30000,"IACP","EDC",407,"2020"
"Indigenous Performing Arts Alliance","1 of 2","10","City-wide",25000,"IACP","EDC",408,"2020"
"Indigenous Performing Arts Alliance","2 of 2","10","City-wide",15000,"TAC","TAC",409,"2020"
"INKspire Youth Organization","1","10","Local",15000,"TAC","TAC",410,"2020"
"InkWell Workshops","1","4","City-wide",18800,"TAC","TAC",411,"2020"
"Inner City Angels","1","3","City-wide",35000,"TAC","TAC",412,"2020"
"Inside Out Lesbian and Gay Film Festival Inc.","1","10","City-wide",52000,"TAC","TAC",413,"2020"
"Inspirations Studio","1","4","City-wide",30000,"TAC","TAC",414,"2020"
"Inspiring Ladies","1","6","Neighbourhood",1000,"NG","SDFA",415,"2020"
"InterAccess","1","9","City-wide",51000,"TAC","TAC",416,"2020"
"International Readings at Harbourfront","1","10","City-wide",161000,"TAC","TAC",417,"2020"
"Ipsita Nova Dance Projects","1","9","City-wide",25000,"TAC","TAC",418,"2020"
"Iranian Canadian Centre for Art and Culture","1","16","City-wide",25000,"TAC","TAC",419,"2020"
"Iranian Women's Organization of Ontario","1","17","City-wide",37385,"CSP","SDFA",420,"2020"
"Islington Centre - Etobicoke Senior Citizens","1","3","Neighbourhood",37745,"CSP","SDFA",421,"2020"
"It Could Still Happen","1","9","City-wide",15000,"TAC","TAC",422,"2020"
"J/F Multicultural Resident Group","1","7","Neighbourhood",2000,"NG","SDFA",423,"2020"
"Jamaican Canadian Association","1","7","City-wide",50460,"TOS","SDFA",424,"2020"
"Jane & Finch Unity Organization","1","7","Neighbourhood",3000,"CCRF","SDFA",425,"2020"
"Jane Finch Art Collective","1","7","Neighbourhood",2000,"NG","SDFA",426,"2020"
"Jane Finch Community Wellness","1","7","Neighbourhood",2000,"NG","SDFA",427,"2020"
"Jane/Finch Community and Family Centre","1 of 4","7","Local",170080,"CSP","SDFA",428,"2020"
"Jane/Finch Community and Family Centre","2 of 4","7","Local",45000,"TOS","SDFA",429,"2020"
"Jane/Finch Community and Family Centre","3 of 4","7","Local",75000,"YVP","SDFA",430,"2020"
"Jane/Finch Community and Family Centre","4 of 4","7","Local",2284,"CCRF","SDFA",431,"2020"
"Japanese Social Services","1","16","City-wide",31980,"CSP","SDFA",432,"2020"
"JAYU Festival Inc","1","10","City-wide",13000,"TAC","TAC",433,"2020"
"Jean Augustine Centre for Young Women's Empowerment","1","3","Local",28000,"TOS","SDFA",434,"2020"
"Jeng Yi","1","18","Local",12720,"TAC","TAC",435,"2020"
"Jessie's, The June Callwood Centre for Young Women","1 of 2","13","City-wide",24015,"CSP","SDFA",436,"2020"
"Jessie's, The June Callwood Centre for Young Women","2 of 2","13","City-wide",60000,"HIF","SSHA",437,"2020"
"Jubilate Singers","1","11","City-wide",5000,"TAC","TAC",438,"2020"
"Jules Vodarek Hunter and Morgan Davis","1","9","Local",8550,"TAC","TAC",439,"2020"
"July 19th Productions","1","6","City-wide",1335,"TAC","TAC",440,"2020"
"Jumblies Theatre","1","10","City-wide",82000,"TAC","TAC",441,"2020"
"Kababayan Community Service Centre Inc","1","4","City-wide",36870,"CSP","SDFA",442,"2020"
"Kaeja d'Dance","1 of 3","11","City-wide",34600,"TAC","TAC",443,"2020"
"Kaeja d'Dance","2 of 3","11","Local",25000,"TAC","TAC",444,"2020"
"Kaeja d'Dance","3 of 3","11","Local",15000,"TAC","TAC",445,"2020"
"Kahawi Dance Theatre","1","11","Local",40000,"TAC","TAC",446,"2020"
"KCWA Family and Social Services","1","11","City-wide",43560,"CSP","SDFA",447,"2020"
"KeepRockinYou","1","12","City-wide",12750,"TAC","TAC",448,"2020"
"KGO Youth Group","1","24","Neighbourhood",3000,"NG","SDFA",449,"2020"
"Kick Start Arts Society","1","1","Local",12000,"TAC","TAC",450,"2020"
"Kintsugi","1","5","Neighbourhood",1000,"NG","SDFA",451,"2020"
"Kitchen 24 (Soup Kitchen 24)","1","7","Local",96000,"TOS","SDFA",452,"2020"
"Koffler Gallery of the Koffler Centre of the Arts","1 of 2","10","City-wide",50000,"TAC","TAC",453,"2020"
"Koffler Gallery of the Koffler Centre of the Arts","2 of 2","10","Local",20000,"TAC","TAC",454,"2020"
"Korean Dance Studies Society of Canada","1","16","City-wide",17000,"TAC","TAC",455,"2020"
"Korean Senior Citizens Society of Toronto","1","11","City-wide",24590,"CSP","SDFA",456,"2020"
"Kuné","1 of 2","4","City-wide",10000,"TAC","TAC",457,"2020"
"Kuné","2 of 2","4","Local",10000,"TAC","TAC",458,"2020"
"La Passerelle Integration et Developpement Economique","1 of 2","13","City-wide",69385,"CSP","SDFA",459,"2020"
"La Passerelle Integration et Developpement Economique","2 of 2","13","City-wide",50000,"TOS","SDFA",460,"2020"
"Labyrinth Musical Workshop Ontario","1 of 2","14","City-wide",8460,"TAC","TAC",461,"2020"
"Labyrinth Musical Workshop Ontario","2 of 2","14","Local",20332,"TAC","TAC",462,"2020"
"Lakeshore Area Multi-Service Project (LAMP)","1 of 3","3","Local",88510,"CSP","SDFA",463,"2020"
"Lakeshore Area Multi-Service Project (LAMP)","2 of 3","3","Local",48670,"TOS","SDFA",464,"2020"
"Lakeshore Area Multi-Service Project (LAMP)","3 of 3","3","Local",10700,"WRCG","ENERGY & ENV.",465,"2020"
"Lakeshore Arts","1","3","City-wide",313430,"LASO","EDC",466,"2020"
"Lao Association of Ontario","1","6","City-wide",34545,"CSP","SDFA",467,"2020"
"Latin American Art Projects","1","10","City-wide",25000,"TAC","TAC",468,"2020"
"Latin mom in Canada","1","8","Neighbourhood",2000,"NG","SDFA",469,"2020"
"Latino Canadian Cultural Association","1","14","City-wide",7370,"TAC","TAC",470,"2020"
"Latvian Senior Citizens' Association in Metropolitan
Toronto","1","16","City-wide",12305,"CSP","SDFA",471,"2020"
"Lawrence Heights Parents Association","1","8","Neighbourhood",2150,"CCRF","SDFA",472,"2020"
"Lawrence Heights Resources Distribution","1","8","Neighbourhood",2850,"CCRF","SDFA",473,"2020"
"Lawrence Heights United Seniors","1","8","Neighbourhood",2000,"NG","SDFA",474,"2020"
"Le collectif du Concierge","1","11","City-wide",12000,"TAC","TAC",475,"2020"
"Le Laboratoire d'Art","1","10","City-wide",18000,"TAC","TAC",476,"2020"
"Le Theatre francais de Toronto","1","11","City-wide",115000,"TAC","TAC",477,"2020"
"Le Théâtre La Tangente","1","12","City-wide",15000,"TAC","TAC",478,"2020"
"Leadership For Humber Summit","1","7","Neighbourhood",1000,"NG","SDFA",479,"2020"
"LEAF - Local Enhancement and Appreciation of Forests","1 of 3","12","City-wide",54505,"FOR","PFR",480,"2020"
"LEAF - Local Enhancement and Appreciation of Forests","2 of 3","12","City-wide",33500,"FOR","PFR",481,"2020"
"LEAF - Local Enhancement and Appreciation of Forests","3 of 3","12","City-wide",1e+05,"FOR","PFR",482,"2020"
"League of Canadian Poets","1","13","City-wide",19100,"TAC","TAC",483,"2020"
"Learning Beyond Adversity","1","7","Neighbourhood",3000,"CCRF","SDFA",484,"2020"
"Learning Disabilities Association of Toronto District","1 of 2","18","City-wide",65615,"CSP","SDFA",485,"2020"
"The Learning Disabilities Association of Toronto
District","2 of 2","18","City-wide",50000,"TOS","SDFA",486,"2020"
"lemonTree theatre creations","1","10","City-wide",15000,"TAC","TAC",487,"2020"
"Les Centres d'Accueil Héritage","1","10","City-wide",66490,"CSP","SDFA",488,"2020"
"Lesbian Gay Bi Trans Youth Line","1","13","City-wide",46390,"CSP","SDFA",489,"2020"
"Leslie Ting Productions","1","9","City-wide",10000,"TAC","TAC",490,"2020"
"Lester Trips (Theatre)","1","12","City-wide",9025,"TAC","TAC",491,"2020"
"Liaison of Independent Filmmakers of Toronto","1","9","City-wide",77000,"TAC","TAC",492,"2020"
"Lifted by Purpose & Trustee","1","10","Local",22000,"TOS","SDFA",493,"2020"
"Link Music Lab","1","11","Local",8000,"TAC","TAC",494,"2020"
"Little Pear Garden Dance Company","1","17","City-wide",18000,"TAC","TAC",495,"2020"
"Living Improvement for York South-Weston","1","5","Neighbourhood",3000,"NG","SDFA",496,"2020"
"Long Branch Neighbourhood Association","1 of 2","3","Neighbourhood",43500,"FOR","PFR",497,"2020"
"Long Branch Neighbourhood Association","2 of 2","3","Neighbourhood",650,"FOR","PFR",498,"2020"
"Long Winter","1","9","City-wide",15000,"TAC","TAC",499,"2020"
"Loop Sessions Toronto","1","11","City-wide",14500,"TAC","TAC",500,"2020"
"Lost & Found Collective","1","11","City-wide",12500,"TAC","TAC",501,"2020"
"Lotherton Community Group","1","8","Neighbourhood",1500,"NG","SDFA",502,"2020"
"Loyola Arrupe Centre for Seniors (operating as LA Centre for Active Living)","1","9","City-wide",24075,"CSP","SDFA",503,"2020"
"Lua Shayenne Dance Company","1","13","City-wide",1e+05,"TAC","TAC",504,"2020"
"Lula Music and Arts Centre","1","9","City-wide",65000,"TAC","TAC",505,"2020"
"Lumacare Services","1 of 2","6","City-wide",93180,"CSP","SDFA",506,"2020"
"Lumacare Services","2 of 2","6","Local",65000,"INO","SDFA",507,"2020"
"MABELLEarts","1","9","Local",24000,"TAC","TAC",508,"2020"
"madonnanera","1","18","City-wide",13000,"TAC","TAC",509,"2020"
"Malvern C.A.R.E.S","1","25","Neighbourhood",1600,"NG","SDFA",510,"2020"
"Malvern Family Resource Centre","1","25","Local",212750,"CSP","SDFA",511,"2020"
"Malvern Seniors Group","1","25","Neighbourhood",1650,"NG","SDFA",512,"2020"
"Mammalian Diving Reflex Theatre Group","1","10","City-wide",25000,"TAC","TAC",513,"2020"
"Maniac Star","1","4","City-wide",10000,"TAC","TAC",514,"2020"
"Manifesto Community Projects","1 of 2","10","City-wide",50000,"YCISI","EDC",515,"2020"
"Manifesto Community Projects Inc.","2 of 2","10","City-wide",39000,"TAC","TAC",516,"2020"
"Mayworks Festival","1","11","City-wide",25000,"TAC","TAC",517,"2020"
"Mercer Union, A Centre for Contemporary Visual Art","1","9","City-wide",72500,"TAC","TAC",518,"2020"
"Metropolitan Action Committee on Violence Against
Women and Children","1","11","City-wide",337620,"CSP","SDFA",519,"2020"
"Midaynta Community Service","1","1","Local",75000,"TOS","SDFA",520,"2020"
"Miles Nadal Jewish Community Centre","1","11","City-wide",9800,"TAC","TAC",521,"2020"
"Mind and Spirit Youth Leadership","1","21","Neighbourhood",2000,"NG","SDFA",522,"2020"
"Mixed Company Theatre","1","13","City-wide",18825,"TAC","TAC",523,"2020"
"Modern Batik Couture","1","6","Local",15000,"TAC","TAC",524,"2020"
"Modern Times Stage Company","1","9","City-wide",37500,"TAC","TAC",525,"2020"
"Momiji Health Care Society","1","24","City-wide",39395,"CSP","SDFA",526,"2020"
"Mommy Monitor","1","10","City-wide",11000,"TOS","SDFA",527,"2020"
"Mood Disorders Association of Ontario and Toronto","1","8","City-wide",19200,"CSP","SDFA",528,"2020"
"Moonhorse Dance Theatre","1","9","City-wide",15000,"TAC","TAC",529,"2020"
"Morningside Community Changers","1","24","Neighbourhood",2000,"NG","SDFA",530,"2020"
"MORNINGSIDE-MORNELLE","1","24","Neighbourhood",1000,"NG","SDFA",531,"2020"
"Mozambique Community Centre","1","10","Local",12000,"TOS","SDFA",532,"2020"
"Muhtadi International Drumming Festival","1","12","City-wide",7000,"TAC","TAC",533,"2020"
"Multi Purpose Entertainment Center","1","20","Neighbourhood",2500,"NG","SDFA",534,"2020"
"Mural Routes Inc.","1","20","City-wide",30000,"TAC","TAC",535,"2020"
"MUSE ARTS","1","9","Neighbourhood",42350,"StART PP","TRANSPORT SERVICES",536,"2020"
"Museum of Contemporary Art Toronto (MOCA Toronto)","1","9","City-wide",321313,"CADP","EDC",537,"2020"
"Music Africa of Canada Inc.","1","12","City-wide",43375,"TAC","TAC",538,"2020"
"Music From Hope","1","14","Local",20000,"TAC","TAC",539,"2020"
"Music Mondays Community Series","1","13","City-wide",6000,"TAC","TAC",540,"2020"
"Music Picnic","1","9","City-wide",9000,"TAC","TAC",541,"2020"
"Music Toronto","1","13","City-wide",86500,"TAC","TAC",542,"2020"
"Musical Story Studio","1","9","Local",10000,"TAC","TAC",543,"2020"
"Muslim Women's Summer Basketball League","1","5","Neighbourhood",3000,"NG","SDFA",544,"2020"
"Nagata Shachu Japanese Taiko and Music Group","1 of 2","23","City-wide",25000,"TAC","TAC",545,"2020"
"Nagata Shachu Japanese Taiko and Music Group","2 of 2","23","City-wide",23000,"TAC","TAC",546,"2020"
"National African Integration and Families Association (NAIFA)","1","11","City-wide",40000,"TOS","SDFA",547,"2020"
"National Shevchenko Musical Ensemble Guild of Canada","1","11","City-wide",7500,"TAC","TAC",548,"2020"
"Native Canadian Centre of Toronto","1 of 2","11","City-wide",86970,"CSP","SDFA",549,"2020"
"Native Canadian Centre of Toronto - Youth Department","2 of 2","11","Neighbourhood",23300,"StART PP","TRANSPORT SERVICES",550,"2020"
"Native Child and Family Services of Toronto","1 of 6","13","City-wide",127775,"CSP","SDFA",551,"2020"
"Native Child and Family Services of Toronto","2 of 6","13","City-wide",40000,"TOS","SDFA",552,"2020"
"Native Child and Family Services of Toronto","3 of 6","13","City-wide",10000,"IACP","EDC",553,"2020"
"Native Child and Family Services of Toronto","4 of 6","13","City-wide",15000,"TAC","TAC",554,"2020"
"Native Child and Family Services of Toronto","5 of 6","13","City-wide",70000,"TOS","SDFA",555,"2020"
"Native Child and Family Services of Toronto","6 of 6","13","Neighbourhood",115000,"PG","SDFA",556,"2020"
"Native Earth Performing Arts Inc.","1","13","City-wide",89250,"TAC","TAC",557,"2020"
"Native Women in the Arts","1","10","City-wide",40000,"TAC","TAC",558,"2020"
"Native Women's Resource Centre of Toronto","1","13","City-wide",98025,"CSP","SDFA",559,"2020"
"Nautanki Bazaar","1","3","City-wide",15000,"TAC","TAC",560,"2020"
"Necessary Angel Theatre Company","1","10","City-wide",60300,"TAC","TAC",561,"2020"
"Neighbourhood Food Hub","1","14","City-wide",40000,"TOS","SDFA",562,"2020"
"Neighbourhood Information Post","1 of 2","13","Neighbourhood",44115,"CSP","SDFA",563,"2020"
"Neighbourhood Information Post","2 of 2","13","Neighbourhood",66000,"PG","SDFA",564,"2020"
"Neihbourhood Alliance","1","24","Neighbourhood",1000,"NG","SDFA",565,"2020"
"Network for the Advancement of Black Communities","1","7","City-wide",80000,"CB","SDFA",566,"2020"
"New Canadian Community Centre","1","17","City-wide",48265,"CSP","SDFA",567,"2020"
"New Friends DIY","1","9","City-wide",4000,"TAC","TAC",568,"2020"
"New Harlem Productions","1 of 2","4","City-wide",35000,"TAC","TAC",569,"2020"
"New Harlem Productions","2 of 2","4","Local",15000,"TAC","TAC",570,"2020"
"New Music Concerts","1","13","City-wide",52250,"TAC","TAC",571,"2020"
"New Tradition Music","1","7","Local",15000,"TAC","TAC",572,"2020"
"newchoir","1","13","City-wide",5600,"TAC","TAC",573,"2020"
"Newcomer Women's Services Toronto","1","14","City-wide",46050,"CSP","SDFA",574,"2020"
"Newton Moraes Dance Theatre","1","13","Local",9000,"TAC","TAC",575,"2020"
"Next Generation Arts","1","24","Neighbourhood",20000,"CCRF","SDFA",576,"2020"
"Next Level Fashion and Design","1","9","City-wide",10000,"TAC","TAC",577,"2020"
"NExT: Newcomer Education by Theatre","1","12","Local",14950,"TAC","TAC",578,"2020"
"Nia Centre for the Arts","1 of 2","12","City-wide",50000,"YCISI","EDC",579,"2020"
"Nia Centre for the Arts","2 of 2","12","City-wide",25000,"TAC","TAC",580,"2020"
"Nightswimming Repertory Theatre","1","10","City-wide",17000,"TAC","TAC",581,"2020"
"Nightwood Theatre","1 of 2","10","City-wide",73000,"TAC","TAC",582,"2020"
"Nightwood Theatre","2 of 2","10","Local",15000,"TAC","TAC",583,"2020"
"No More Silence","1","9","City-wide",20000,"IACP","EDC",584,"2020"
"North York Arts","1 of 2","18","City-wide",287240,"LASO","EDC",585,"2020"
"North York Arts","2 of 2","18","Local",50000,"TAC","TAC",586,"2020"
"North York Community House","1","8","Local",229040,"CSP","SDFA",587,"2020"
"North York Harvest Food Bank","1 of 3","5","City-wide",25585,"CSP","SDFA",588,"2020"
"North York Harvest Food Bank","2 of 3","5","City-wide",60024,"CSP","SDFA",589,"2020"
"North York Harvest Food Bank","3 of 3","5","Local",150000,"TOS","SDFA",590,"2020"
"North York Seniors Centre","1","18","Neighbourhood",99485,"CSP","SDFA",591,"2020"
"North York Women's Resource Centre","1","5","Local",54650,"CSP","SDFA",592,"2020"
"Northern Visions Independent Video & Film Association","1","10","City-wide",58000,"TAC","TAC",593,"2020"
"Northwood Neighbourhood Services","1","7","Local",50660,"CSP","SDFA",594,"2020"
"Obsidian Theatre Company Inc.","1 of 2","14","City-wide",75000,"TAC","TAC",595,"2020"
"Obsidian Theatre Company Inc.","2 of 2","14","City-wide",65500,"TAC","TAC",596,"2020"
"OCASI - Ontario Council of Agencies Serving Immigrants","1","8","City-wide",30730,"CSP","SDFA",597,"2020"
"OCCY","1","19","Neighbourhood",2500,"NG","SDFA",598,"2020"
"ODE","1","9","City-wide",12000,"TAC","TAC",599,"2020"
"Odin Quartet","1","9","City-wide",6600,"TAC","TAC",600,"2020"
"on the MOVE","1","11","City-wide",5650,"TAC","TAC",601,"2020"
"Onsite Gallery at OCAD University","1","10","City-wide",15000,"TAC","TAC",602,"2020"
"Ontario Association of Art Galleries","1","10","City-wide",24000,"TAC","TAC",603,"2020"
"Ontario Culture Days","1","10","Local",11000,"TAC","TAC",604,"2020"
"Ontario Home Builders' Association","1","16","City-wide",170000,"TAF","TAF",605,"2020"
"Ontario Nonprofit Network","1 of 2","12","City-wide",25000,"INO","SDFA",606,"2020"
"Ontario Nonprofit Network","2 of 2","12","City-wide",10000,"TOS","SDFA",607,"2020"
"Ontario Psychological Association (OPA)","1","12","City-wide",20000,"TOS","SDFA",608,"2020"
"Open Book Foundation","1","11","City-wide",15000,"TAC","TAC",609,"2020"
"Open Studio","1","10","City-wide",73000,"TAC","TAC",610,"2020"
"Opera Atelier","1","13","City-wide",90000,"TAC","TAC",611,"2020"
"Opera Five Inc.","1","11","City-wide",10000,"TAC","TAC",612,"2020"
"Opera in Concert","1","14","City-wide",30000,"TAC","TAC",613,"2020"
"Opportunity for Advancement","1","9","City-wide",51145,"CSP","SDFA",614,"2020"
"Orchestra Toronto","1","18","City-wide",22000,"TAC","TAC",615,"2020"
"Oriana Women's Choir","1","14","City-wide",12500,"TAC","TAC",616,"2020"
"Orpheus Choir of Toronto","1","12","City-wide",27000,"TAC","TAC",617,"2020"
"Our Angel","1","1","City-wide",3000,"CCRF","SDFA",618,"2020"
"Outside the March Theatre Company Inc","1","11","City-wide",23000,"TAC","TAC",619,"2020"
"PAL- Reading Services Inc.","1","13","City-wide",17025,"CSP","SDFA",620,"2020"
"Pan Arts Network","1","25","City-wide",12000,"TAC","TAC",621,"2020"
"Paper Frames Studio","1","10","Local",15000,"TAC","TAC",622,"2020"
"Paprika Theatre Festival","1","10","City-wide",15000,"TAC","TAC",623,"2020"
"Parent Council at Military Trail Public School","1","24","Neighbourhood",2000,"NG","SDFA",624,"2020"
"Parenting Group","1","15","Neighbourhood",1000,"NG","SDFA",625,"2020"
"Parents United","1","8","Neighbourhood",2500,"CCRF","SDFA",626,"2020"
"Parkdale Activity Recreation Centre","1 of 3","4","City-wide",25932,"HIF","SSHA",627,"2020"
"Parkdale Activity-Recreation Centre","2 of 3","4","City-wide",60000,"INO","SDFA",628,"2020"
"Parkdale Activity-Recreation Centre","3 of 3","4","City-wide",260000,"TOS","SDFA",629,"2020"
"Parkdale Golden Age Foundation","1","4","Neighbourhood",62175,"CSP","SDFA",630,"2020"
"Parkdale Intercultural Association (Toronto)","1","4","Neighbourhood",71590,"CSP","SDFA",631,"2020"
"Parkdale Musicians Collective","1","4","Neighbourhood",1500,"NG","SDFA",632,"2020"
"Parks N' Wreck","1","4","Local",25000,"TAC","TAC",633,"2020"
"Passive Buildings Canada","1","11","City-wide",90620,"TAF","TAF",634,"2020"
"Passive House Canada","1","4","City-wide",40000,"TAF","TAF",635,"2020"
"paul watson productions","1","14","City-wide",30000,"TAC","TAC",636,"2020"
"Paula Gonzalez-Ossa","1","11","Neighbourhood",54000,"StART PP","TRANSPORT SERVICES",637,"2020"
"Pax Christi Chorale","1","17","City-wide",20000,"TAC","TAC",638,"2020"
"Pearle Harbour","1","9","City-wide",13305,"TAC","TAC",639,"2020"
"Peggy Baker Dance Projects","1","11","City-wide",35000,"TAC","TAC",640,"2020"
"Pembina Institute","1 of 2","11","City-wide",175000,"TAF","TAF",641,"2020"
"Pembina Institute","2 of 2","11","City-wide",99000,"TAF","TAF",642,"2020"
"Pink Pluto","1","9","City-wide",15000,"TAC","TAC",643,"2020"
"Planet in Focus","1","10","City-wide",25000,"TAC","TAC",644,"2020"
"Playground Productions","1","11","City-wide",10000,"TAC","TAC",645,"2020"
"Playwrights Guild of Canada","1","10","City-wide",25000,"TAC","TAC",646,"2020"
"Pleiades Theatre","1","10","City-wide",23000,"TAC","TAC",647,"2020"
"pounds per square inch performance","1","13","City-wide",15000,"TAC","TAC",648,"2020"
"Prairie Drive Park Sustainable Development
Network (SDN)","1","20","Neighbourhood",2875,"NG","SDFA",649,"2020"
"Pratibha Arts","1","10","City-wide",15000,"TAC","TAC",650,"2020"
"Prefix Institute of Contemporary Art, Inc.","1","10","City-wide",34000,"TAC","TAC",651,"2020"
"Pretty Wings TO","1","20","City-wide",20000,"TAC","TAC",652,"2020"
"Pride Toronto","1","13","City-wide",260000,"CADP","EDC",653,"2020"
"ProArteDanza Performance Inc","1","13","City-wide",15000,"TAC","TAC",654,"2020"
"Professional Association of Canadian Theatres","1","10","City-wide",8000,"TAC","TAC",655,"2020"
"Progress Place","1 of 3","13","City-wide",40000,"TOS","SDFA",656,"2020"
"Progress Place","2 of 3","13","Local",30000,"TOS","SDFA",657,"2020"
"Progress Place Warm line","3 of 3","13","City-wide",50000,"TOS","SDFA",658,"2020"
"Project 40 Collective","1","11","Local",15000,"TAC","TAC",659,"2020"
"Project Susan","1","24","Neighbourhood",2000,"NG","SDFA",660,"2020"
"Project Undertow","1","11","City-wide",5000,"TAC","TAC",661,"2020"
"Prologue to the Performing Arts","1","10","City-wide",35000,"TAC","TAC",662,"2020"
"Promoting Education and Community Health","1","7","Neighbourhood",65405,"CSP","SDFA",663,"2020"
"Prosserman Jewish Community Centre","1","6","City-wide",14630,"CSP","SDFA",664,"2020"
"Public Recordings Performance Projects","1","4","City-wide",20400,"TAC","TAC",665,"2020"
"Puppetmongers Theatre","1","11","City-wide",20000,"TAC","TAC",666,"2020"
"Queer Domesticities Collective","1","9","City-wide",8000,"TAC","TAC",667,"2020"
"Quentin Commanda","1","10","Neighbourhood",60000,"StART PP","TRANSPORT SERVICES",668,"2020"
"Quote Unquote Collective","1","4","City-wide",10000,"TAC","TAC",669,"2020"
"Racial Justice Fund","1","9","Local",14500,"TAC","TAC",670,"2020"
"Raging Asian Women Taiko Drummers","1","5","City-wide",10000,"TAC","TAC",671,"2020"
"Ralph Thornton Community Centre","1","14","Neighbourhood",57695,"CSP","SDFA",672,"2020"
"Reach for Change","1","15","Neighbourhood",1000,"NG","SDFA",673,"2020"
"REAson d'etre dance productions","1","4","City-wide",15000,"TAC","TAC",674,"2020"
"Red Dress Productions Incorporated","1","14","City-wide",23000,"TAC","TAC",675,"2020"
"Red Oak Heritage Committee","1","7","Neighbourhood",1000,"NG","SDFA",676,"2020"
"Red Pepper Spectacle Arts","1","11","City-wide",35000,"TAC","TAC",677,"2020"
"Red Sky Performance","1 of 2","10","City-wide",25000,"IACP","EDC",678,"2020"
"Red Sky Performance","2 of 2","10","City-wide",45000,"TAC","TAC",679,"2020"
"Red Snow Collective","1","16","City-wide",15000,"TAC","TAC",680,"2020"
"ReelAbilities Film Festival Toronto","1","11","City-wide",10000,"TAC","TAC",681,"2020"
"REFRESH","1","22","Neighbourhood",1500,"NG","SDFA",682,"2020"
"Regenesis York","1","7, 13, 15, 25","City-wide",20414,"FOR","PFR",683,"2020"
"Regent Park Film Festival Inc.","1 of 2","13","Local",28000,"TAC","TAC",684,"2020"
"Regent Park Film Festival Inc.","2 of 2","13","Local",15000,"TAC","TAC",685,"2020"
"Regent Park Focus Youth Media Arts Centre","1","13","Local",48000,"TAC","TAC",686,"2020"
"Regent Park Neighbourhood Association","1","13","Neighbourhood",75000,"PG","SDFA",687,"2020"
"Resident First","1","8","Neighbourhood",1000,"NG","SDFA",688,"2020"
"reWork Productions","1","10","City-wide",15000,"TAC","TAC",689,"2020"
"Rexdale Community Health Centre","1","1","Local",166200,"CSP","SDFA",690,"2020"
"Rexdale Community Hub","1","1","Local",307645,"CSP","SDFA",691,"2020"
"Rexdale Women's Centre","1","1","Local",106460,"CSP","SDFA",692,"2020"
"Rice Water","1","10","Local",32000,"TAC","TAC",693,"2020"
"Ringfire Productions","1","11","Neighbourhood",63500,"StART PP","TRANSPORT SERVICES",694,"2020"
"RISE Edutainment","1","22","City-wide",50000,"YCISI","EDC",695,"2020"
"Rise In STEM","1","1","Neighbourhood",1000,"NG","SDFA",696,"2020"
"Rising Tamil Youth","1","24","Neighbourhood",2000,"NG","SDFA",697,"2020"
"Ritten-House","1","13","Local",7997,"TAC","TAC",698,"2020"
"Robin Jacko","1","9","City-wide",30000,"IACP","EDC",699,"2020"
"Roseneath Theatre","1","9","City-wide",73000,"TAC","TAC",700,"2020"
"Royal Stompbox","1","9","Local",5000,"TAC","TAC",701,"2020"
"RT Collective","1","4","City-wide",3000,"TAC","TAC",702,"2020"
"Rustic Neigbourhood Movie Nights","1","5","Neighbourhood",1000,"NG","SDFA",703,"2020"
"Ryerson Student Pow Wow","1","13","City-wide",30000,"IACP","EDC",704,"2020"
"Ryerson University","1","13","Neighbourhood",60000,"StART PP","TRANSPORT SERVICES",705,"2020"
"S.E.A.S. Centre (Support Enhance Access
Services Centre)","1","22","City-wide",89060,"CSP","SDFA",706,"2020"
"Sabbara","1","9","City-wide",5600,"TAC","TAC",707,"2020"
"Salon du Livre de Toronto","1","11","City-wide",15000,"TAC","TAC",708,"2020"
"Salvation Army","1","21","City-wide",150000,"TOS","SDFA",709,"2020"
"Samel Tanz","1","21","Local",8000,"TAC","TAC",710,"2020"
"San romanoway kids and youth in the kitchen
challenge","1","7","Neighbourhood",2000,"NG","SDFA",711,"2020"
"San Romanoway Revitalization Association","1 of 2","7","Local",85490,"CSP","SDFA",712,"2020"
"San Romanoway Revitalization Association","2 of 2","7","Local",69000,"TOS","SDFA",713,"2020"
"Sanghum Film","1","11","City-wide",8000,"TAC","TAC",714,"2020"
"SAVAC","1 of 2","10","City-wide",45000,"TAC","TAC",715,"2020"
"SAVAC","2 of 2","10","City-wide",50000,"TAC","TAC",716,"2020"
"Scadding Court Community Centre","1 of 3","10","Neighbourhood",188530,"CSP","SDFA",717,"2020"
"Scadding Court Community Centre","2 of 3","10","Local",65000,"INO","SDFA",718,"2020"
"Scadding Court Community Centre","3 of 3","10","Neighbourhood",18750,"PG","SDFA",719,"2020"
"Scarborough Arts","1","20","City-wide",282000,"LASO","EDC",720,"2020"
"Scarborough Centre for Healthy Communities","1","24","Local",199975,"CSP","SDFA",721,"2020"
"Scarborough Food Security Initiative","1 of 2","20","Local",25000,"TOS","SDFA",722,"2020"
"Scarborough Food Security Initiative","2 of 2","20","Local",10000,"TOS","SDFA",723,"2020"
"Scarborough Philharmonic Orchestra","1","8","Local",23000,"TAC","TAC",724,"2020"
"Scarborough Village Mom Squad","1","20","Neighbourhood",1600,"NG","SDFA",725,"2020"
"Scarborough Village Youth Council","1","24","Neighbourhood",1600,"NG","SDFA",726,"2020"
"Scarborough Village Youth Group","1","24","Neighbourhood",1800,"NG","SDFA",727,"2020"
"Scarborough Women's Centre","1","24","Neighbourhood",39415,"CSP","SDFA",728,"2020"
"Scarlett Environmental Awareness Team","1","2","Neighbourhood",3000,"NG","SDFA",729,"2020"
"School Council -Derrydown Public School","1","7","Neighbourhood",2500,"NG","SDFA",730,"2020"
"SEAQueens Collective","1","4","Neighbourhood",3000,"NG","SDFA",731,"2020"
"Second Harvest","1 of 3","6","City-wide",150000,"TOS","SDFA",732,"2020"
"Second Harvest","2 of 3","6","City-wide",150000,"TOS","SDFA",733,"2020"
"Second Harvest Food Support Committee","3 of 3","6","City-wide",25000,"WRCG","ENERGY & ENV.",734,"2020"
"Seeds of Hope","1 of 2","13","Local",15000,"TOS","SDFA",735,"2020"
"Seeds of Hope","2 of 2","13","Local",25000,"TOS","SDFA",736,"2020"
"Sell You A Dream","1","21","Neighbourhood",3000,"NG","SDFA",737,"2020"
"Seneca College of Applied Arts and Technology","1","7, 17","Neighbourhood",73653,"FOR","PFR",738,"2020"
"Senior Peoples' Resources In North Toronto
Incorporated (operating as SPRINT Senior Care)","1","12","Local",105535,"CSP","SDFA",739,"2020"
"Senior Persons Living Connected","1","22","Local",106900,"CSP","SDFA",740,"2020"
"Senior Tamils' Centre of Ontario","1","23","City-wide",63855,"CSP","SDFA",741,"2020"
"Serenity","1","10","Neighbourhood",3000,"CCRF","SDFA",742,"2020"
"Settlement Assistance and Family Support Services (SAFSS)","1","24","Local",56390,"CSP","SDFA",743,"2020"
"SExT: Sex Education by Theatre","1","12","Local",18000,"TAC","TAC",744,"2020"
"SFM","1","11","Local",50000,"TAC","TAC",745,"2020"
"Shadowland Theatre","1 of 2","10","Local",20000,"TAC","TAC",746,"2020"
"Shadowland Theatre","2 of 2","10","Local",25000,"TAC","TAC",747,"2020"
"Shakespeare in the Ruff","1","11","City-wide",15000,"TAC","TAC",748,"2020"
"Shameless Media","1","11","City-wide",6000,"TAC","TAC",749,"2020"
"SICK MUSE ART PROJECTS","1 of 2","9","Local",11000,"TAC","TAC",750,"2020"
"SICK MUSE ART PROJECTS","2 of 2","9","Local",20000,"TAC","TAC",751,"2020"
"Sickle Cell Awareness Group of Ontario","1","7","City-wide",40000,"TOS","SDFA",752,"2020"
"Silent Voice Canada Inc.","1 of 2","12","City-wide",34160,"CSP","SDFA",753,"2020"
"Silent Voice Canada Inc.","2 of 2","12","City-wide",50000,"TOS","SDFA",754,"2020"
"Silverfish Magazine","1","9","City-wide",5000,"TAC","TAC",755,"2020"
"Sinfonia Toronto","1","17","City-wide",12350,"TAC","TAC",756,"2020"
"SING! The Toronto Vocal Arts Festival","1","19","City-wide",10000,"TAC","TAC",757,"2020"
"Single Mothers Healing Group","1","7","Local",2200,"CCRF","SDFA",758,"2020"
"Sis To Sis Toronto","1","1","Neighbourhood",2000,"NG","SDFA",759,"2020"
"Sister Circle Consulting","1","11","City-wide",10000,"IACP","EDC",760,"2020"
"SKETCH Working Arts for Street-involved and Homeless Youth","1","10","City-wide",110000,"TAC","TAC",761,"2020"
"Small World Music Society","1","4","City-wide",54500,"TAC","TAC",762,"2020"
"Smutburger","1","11","City-wide",6000,"TAC","TAC",763,"2020"
"Society of Sharing: Inner-City Volunteers","1","13","Local",17675,"CSP","SDFA",764,"2020"
"Somali Canadian Association of Etobicoke","1 of 2","1","Local",25585,"CSP","SDFA",765,"2020"
"Somali Canadian Association of Etobicoke","2 of 2","1","Local",67000,"TOS","SDFA",766,"2020"
"Somali Women's and Children's Support Network","1 of 2","1","Neighbourhood",2991,"CCRF","SDFA",767,"2020"
"Somali Women's and Children's Support Network","2 of 2","1","City-wide",44520,"CSP","SDFA",768,"2020"
"Soso Ministries","1","21","Local",75000,"TOS","SDFA",769,"2020"
"Soulpepper Theatre Company","1","10","City-wide",461000,"TAC","TAC",770,"2020"
"SoundCheck","1","8","City-wide",16500,"TOS","SDFA",771,"2020"
"Soundstreams","1","10","Local",88000,"TAC","TAC",772,"2020"
"South Asian Women's Centre","1","9","City-wide",95910,"CSP","SDFA",773,"2020"
"South Riverdale Community Health Centre","1 of 2","14","Local",104545,"CSP","SDFA",774,"2020"
"South Riverdale Community Health Centre","2 of 2","14","Neighbourhood",115000,"PG","SDFA",775,"2020"
"Southern Currents Film & Video Collective","1","9","City-wide",20000,"TAC","TAC",776,"2020"
"St. Alban's Boys' and Girls' Club","1","11","Local",211970,"CSP","SDFA",777,"2020"
"St. Clair O'Connor Community Inc.","1","19","Neighbourhood",19610,"CSP","SDFA",778,"2020"
"St. Matthew's Bracondale House","1","12","Neighbourhood",52740,"CSP","SDFA",779,"2020"
"St. Stephen's Community House","1 of 3","11","City-wide",97595,"INO","SDFA",780,"2020"
"St. Stephen's Community House (of The Neighborhood Group)","2 of 3","13","Local",261485,"CSP","SDFA",781,"2020"
"St. Stephen's Community House (of The Neighborhood Group)","3 of 3","13","Neighbourhood",2e+05,"YVP","SDFA",782,"2020"
"Stay Golden","1","23","Local",8000,"TAC","TAC",783,"2020"
"Steeles-L'Amoreaux Youth Council","1","22","Neighbourhood",2500,"NG","SDFA",784,"2020"
"Stolen From Africa","1 of 2","22","Local",16500,"TOS","SDFA",785,"2020"
"Stolen From Africa / Volé D'Afrique","2 of 2","22","Local",161423,"YVP","SDFA",786,"2020"
"Stonegate Community Health Centre","1","3","Local",95780,"CSP","SDFA",787,"2020"
"Storefront Humber Inc.","1 of 2","3","Local",65000,"INO","SDFA",788,"2020"
"Storefront Humber Inc.","2 of 2","3","Local",63270,"CSP","SDFA",789,"2020"
"Stories and Storefronts","1","14","Local",10000,"TAC","TAC",790,"2020"
"Stranger Engagers","1","22","Neighbourhood",2000,"NG","SDFA",791,"2020"
"Street Health Community Nurses Foundation","1","13","Local",115000,"PG","SDFA",792,"2020"
"Strides to Summit","1","7","Neighbourhood",3000,"NG","SDFA",793,"2020"
"Strides Toronto","1","24","Local",15000,"CCRF","SDFA",794,"2020"
"Studio 180 Theatre","1","11","City-wide",17000,"TAC","TAC",795,"2020"
"SummerWorks Performance Festival","1","10","Local",52000,"TAC","TAC",796,"2020"
"Sunshine Centres for Seniors","1","14","Local",48620,"CSP","SDFA",797,"2020"
"Sustainable Buildings Canada","1","10","City-wide",114825,"TAF","TAF",798,"2020"
"Sustainable Development Network (SDN)","1","20","Neighbourhood",2125,"NG","SDFA",799,"2020"
"Sustainable Textile Art","1","6","Local",12750,"TAC","TAC",800,"2020"
"Sweet Grass Roots Collective","1","14","Local",27425,"TAC","TAC",801,"2020"
"Syme Woolner Neighbourhood and Family Centre","1 of 2","5","Neighbourhood",114860,"CSP","SDFA",802,"2020"
"Syme Woolner Neighbourhood and Family Centre (SWNFC)","2 of 2","5","Local",70847,"HIF","SSHA",803,"2020"
"Tafelmusik","1","11","City-wide",180000,"TAC","TAC",804,"2020"
"TAIBU Community Health Centre","1 of 2","23","City-wide",150000,"CB","SDFA",805,"2020"
"TAIBU Community Health Centre","2 of 2","23","Local",75000,"TOS","SDFA",806,"2020"
"Talking Treaties Collective","1","10","City-wide",30000,"IACP","EDC",807,"2020"
"Tamil Archive Project","1","25","Local",10000,"TAC","TAC",808,"2020"
"Tamil Arts Collective","1","9","City-wide",6000,"TAC","TAC",809,"2020"
"Tandridge Youth Group","1","1","Neighbourhood",2000,"NG","SDFA",810,"2020"
"Tangled Art + Disability","1","10","Local",48000,"TAC","TAC",811,"2020"
"Tapestry Music Theatre","1","10","City-wide",53000,"TAC","TAC",812,"2020"
"Tarragon Theatre","1","12","City-wide",211500,"TAC","TAC",813,"2020"
"Taylor Massey Summer Activity Group","1","19","Neighbourhood",2500,"NG","SDFA",814,"2020"
"Taylor- Massey/Oakridge Growth and Wellness","1","19","Neighbourhood",2000,"NG","SDFA",815,"2020"
"TB West Community Services","1","3","Local",20000,"TAC","TAC",816,"2020"
"Tea Base","1","12","Local",11400,"TAC","TAC",817,"2020"
"Teach2Learn Youth Group","1","6","Neighbourhood",2500,"NG","SDFA",818,"2020"
"Team Elmbank","1","1","Neighbourhood",3000,"NG","SDFA",819,"2020"
"Tesoc Multicultural Settlement Services","1","21","City-wide",39645,"CSP","SDFA",820,"2020"
"Textile Museum of Canada","1 of 2","10","City-wide",72000,"TAC","TAC",821,"2020"
"Textile Museum of Canada","2 of 2","10","Local",10000,"TAC","TAC",822,"2020"
"That's So Gay Collective","1","10","City-wide",16000,"TAC","TAC",823,"2020"
"The 519 Church Street Community Centre","1 of 3","13","Neighbourhood",2350,"CCRF","SDFA",824,"2020"
"The 519 Church Street Community Centre","2 of 3","13","City-wide",63710,"CSP","SDFA",825,"2020"
"The 519 Church Street Community Centre","3 of 3","13","City-wide",76756,"HIF","SSHA",826,"2020"
"The 7 Creative Community","1","2","Neighbourhood",2750,"CCRF","SDFA",827,"2020"
"The Art of Time Ensemble","1","12","City-wide",58000,"TAC","TAC",828,"2020"
"The Artists Mentoring Youth Project Inc.","1","9","City-wide",25000,"TAC","TAC",829,"2020"
"The Bernard Betel Centre For Creative Living","1","6","Local",133665,"CSP","SDFA",830,"2020"
"The Cabbagetown Community Arts Centre","1","13","City-wide",23000,"TAC","TAC",831,"2020"
"The Canadian Mental Health Association Toronto Branch","1","8","City-wide",19200,"CSP","SDFA",832,"2020"
"The Canadian Red Cross Society","1","1","City-wide",173705,"CSP","SDFA",833,"2020"
"The Career Foundation","1","8","Local",75000,"PG","SDFA",834,"2020"
"The Centre for Spanish Speaking Peoples","1","6","City-wide",67500,"CSP","SDFA",835,"2020"
"The Child-ish Collective","1","9","City-wide",10000,"TAC","TAC",836,"2020"
"The Children's Book Bank","1","13","Local",3750,"TAC","TAC",837,"2020"
"The Chimera Project Dance Theatre","1","13","City-wide",15000,"TAC","TAC",838,"2020"
"The Company Theatre","1","10","City-wide",18000,"TAC","TAC",839,"2020"
"The Corner (Hub for the St. James Town Service Providers’ Network)","1","13","Neighbourhood",3000,"CCRF","SDFA",840,"2020"
"The Cross-Cultural Community Services
Association","1","11","City-wide",28995,"CSP","SDFA",841,"2020"
"The Cyborg Circus Project","1","5","City-wide",16745,"TAC","TAC",842,"2020"
"The Dance Umbrella of Ontario","1","13","City-wide",30000,"TAC","TAC",843,"2020"
"The Dietrich Group","1","14","City-wide",15000,"TAC","TAC",844,"2020"
"The Elmer Iseler Singers","1","15","City-wide",24545,"TAC","TAC",845,"2020"
"The Esprit Orchestra","1","10","City-wide",84500,"TAC","TAC",846,"2020"
"The Fringe of Toronto Theatre Festival","1","14","City-wide",77000,"TAC","TAC",847,"2020"
"The Gatehouse Child Abuse Investigation and Support Site","1","3","City-wide",25585,"CSP","SDFA",848,"2020"
"The George S. Syme Seniors’ Centre of York
(operating as Syme 55+ Centre)","1","5","Neighbourhood",96935,"CSP","SDFA",849,"2020"
"The Golden Age","1","9","City-wide",5000,"TAC","TAC",850,"2020"
"The Good Company Collective","1","19","City-wide",3000,"TAC","TAC",851,"2020"
"The Haitian Coalition of Toronto","1","25","Neighbourhood",1500,"NG","SDFA",852,"2020"
"The Hannaford Street Silver Band","1","13","City-wide",28000,"TAC","TAC",853,"2020"
"The Holy Gasp","1","11","City-wide",15260,"TAC","TAC",854,"2020"
"The Library for Social Change","1","14","Neighbourhood",1600,"CCRF","SDFA",855,"2020"
"The Massey Centre For Women","1 of 2","14","Neighbourhood",15000,"CB","SDFA",856,"2020"
"The Massey Centre For Women","2 of 2","14","City-wide",29810,"CSP","SDFA",857,"2020"
"The Mexicans Folk Ballet","1","8","City-wide",10000,"TAC","TAC",858,"2020"
"The Mino Collective","1","10","City-wide",11132,"YVP","SDFA",859,"2020"
"The Music Gallery","1","11","City-wide",87000,"TAC","TAC",860,"2020"
"The Musical Stage Company","1","13","City-wide",36000,"TAC","TAC",861,"2020"
"The Nathaniel Dett Chorale","1","7","City-wide",10000,"TAC","TAC",862,"2020"
"The National Ballet of Canada","1","10","City-wide",1390000,"TAC","TAC",863,"2020"
"The Neighbourhood Group - Central Neighbourhood House","1 of 8","19","Local",45000,"TOS","SDFA",864,"2020"
"The Neighbourhood Group","2 of 8","13","City-wide",25000,"WRCG","ENERGY & ENV.",865,"2020"
"The Neighbourhood Group","3 of 8","19","Local",15000,"CCRF","SDFA",866,"2020"
"The Neighbourhood Group","4 of 8","19","City-wide",11363,"INO","SDFA",867,"2020"
"The Neighbourhood Group","5 of 8","19","Local",40000,"PG","SDFA",868,"2020"
"The Neighbourhood Group","6 of 8","19","Local",40000,"TOS","SDFA",869,"2020"
"The Neighbourhood Group Community Services","7 of 8","13","City-wide",50000,"TOS","SDFA",870,"2020"
"The Neighbourhood Group Community Services","8 of 8","13","Local",369865,"CSP","SDFA",871,"2020"
"The Next Edition","1","9","Local",7000,"TAC","TAC",872,"2020"
"The People's Youth Film Program","1","11","Local",9996,"TAC","TAC",873,"2020"
"The Power Plant","1","10","City-wide",206000,"TAC","TAC",874,"2020"
"The Purple Stage","1","9","City-wide",8000,"TAC","TAC",875,"2020"
"The Regent Park School of Music","1","13","Local",30000,"TAC","TAC",876,"2020"
"The Remix Project","1 of 2","10","City-wide",50000,"YCISI","EDC",877,"2020"
"The Remix Project","2 of 2","10","City-wide",28000,"TAC","TAC",878,"2020"
"The Royal Conservatory","1","11","City-wide",50000,"TAC","TAC",879,"2020"
"The Second Mile Club of Toronto","1","11","Local",75390,"CSP","SDFA",880,"2020"
"The Shoe Project","1","12","City-wide",11000,"TAC","TAC",881,"2020"
"The Smile Company - Theatrical Productions","1","11","City-wide",28000,"TAC","TAC",882,"2020"
"The St. Christopher House (operating as West Neighbourhood House)","1","10","Local",321190,"CSP","SDFA",883,"2020"
"The STEPS Initiative","1 of 2","7","Neighbourhood",39001,"StART PP","TRANSPORT SERVICES",884,"2020"
"The STEPS Initiative","2 of 2","10","Local",25000,"TAC","TAC",885,"2020"
"The Stop","1 of 2","9","Local",36000,"TOS","SDFA",886,"2020"
"The Stop Community Food Centre","2 of 2","9","City-wide",30730,"CSP","SDFA",887,"2020"
"The Storytellers School of Toronto","1","12","City-wide",34500,"TAC","TAC",888,"2020"
"The Switch Collective","1","10","Local",10000,"TAC","TAC",889,"2020"
"The Teresa Group - Child And Family Aid","1","12","City-wide",31980,"CSP","SDFA",890,"2020"
"The Theatre Centre","1","9","City-wide",144000,"TAC","TAC",891,"2020"
"The Toronto Consort","1","11","City-wide",27000,"TAC","TAC",892,"2020"
"The Wexford Residence Inc.","1","21","Local",22905,"CSP","SDFA",893,"2020"
"The Word On The Street","1","10","City-wide",46500,"TAC","TAC",894,"2020"
"Theatre Columbus","1","13","City-wide",41000,"TAC","TAC",895,"2020"
"Theatre Direct Canada","1","9","City-wide",69000,"TAC","TAC",896,"2020"
"Theatre Gargantua","1","9","City-wide",15000,"TAC","TAC",897,"2020"
"Theatre Passe Muraille","1","10","City-wide",165500,"TAC","TAC",898,"2020"
"Theatre Smith-Gilmour","1","10","City-wide",41000,"TAC","TAC",899,"2020"
"Think 2wice","1 of 2","1","Local",12750,"TAC","TAC",900,"2020"
"Think 2wice","2 of 2","1","Local",78000,"PG","SDFA",901,"2020"
"Throwback Vibes","1","8","Neighbourhood",2000,"NG","SDFA",902,"2020"
"Throwdown Collective","1","13","City-wide",15000,"TAC","TAC",903,"2020"
"tiger princess dance projects inc.","1 of 2","9","City-wide",32000,"TAC","TAC",904,"2020"
"tiger princess dance projects inc.","2 of 2","9","Local",15000,"TAC","TAC",905,"2020"
"Tita Collective","1","9","City-wide",10000,"TAC","TAC",906,"2020"
"Tkaronto Music Festival","1","NA","City-wide",30000,"IACP","EDC",907,"2020"
"TNO- The Neighbourhood Organization","1 of 5","15","Local",40000,"TOS","SDFA",908,"2020"
"TNO- The Neighbourhood Organization","2 of 5","15","Neighbourhood",123650,"CSP","SDFA",909,"2020"
"TNO- The Neighbourhood Organization","3 of 5","15","Local",51000,"TOS","SDFA",910,"2020"
"TNO- The Neighbourhood Organization","4 of 5","16","Local",372308,"HIF","SSHA",911,"2020"
"TNO- The Neighbourhood Organization","5 of 5","15","Local",135815,"CSP","SDFA",912,"2020"
"Toasterlab","1","4","Local",25000,"TAC","TAC",913,"2020"
"TONE Festival","1","9","Local",4000,"TAC","TAC",914,"2020"
"Toolbox Initiative","1","18","City-wide",10000,"TAC","TAC",915,"2020"
"Toronto Aboriginal Support Services  (TASSC)","1 of 5","11","City-wide",775000,"TOS","SDFA",916,"2020"
"Toronto Aboriginal Support Services (TASSC)","2 of 5","11","City-wide",175000,"CB","SDFA",917,"2020"
"Toronto Aboriginal Support Services Council","3 of 5","11","City-wide",125150,"CSP","SDFA",918,"2020"
"Toronto Aboriginal Support Services Council","4 of 5","11","City-wide",65000,"INO","SDFA",919,"2020"
"Toronto Aboriginal Support Services Council","5 of 5","11","City-wide",3e+05,"TOS","SDFA",920,"2020"
"Toronto Alliance for the Performing Arts","1","10","City-wide",78000,"TAC","TAC",921,"2020"
"Toronto and Region Conservation Authority","1","1, 6, 7, 14","City-wide",98000,"FOR","PFR",922,"2020"
"Toronto Animated Image Society","1","9","City-wide",18000,"TAC","TAC",923,"2020"
"Toronto Arab Film","1","9","City-wide",12000,"TAC","TAC",924,"2020"
"Toronto Artscape Inc.","1","10","City-wide",415000,"CADP","EDC",925,"2020"
"Toronto Biennial of Art","1 of 2","9","City-wide",12000,"TAC","TAC",926,"2020"
"Toronto Biennial of Art","2 of 2","9","City-wide",60000,"TAC","TAC",927,"2020"
"Toronto Blues Society","1","10","City-wide",32000,"TAC","TAC",928,"2020"
"Toronto Centre for Community Learning and Development","1 of 2","13","City-wide",49310,"CSP","SDFA",929,"2020"
"Toronto Centre for Community Learning and Development","2 of 2","13","Neighbourhood",75000,"PG","SDFA",930,"2020"
"Toronto Chamber Choir","1","12","City-wide",8500,"TAC","TAC",931,"2020"
"Toronto Children's Chorus","1","12","City-wide",40000,"TAC","TAC",932,"2020"
"Toronto Coalition for Better Child Care","1","11","City-wide",25585,"CSP","SDFA",933,"2020"
"Toronto Community & Culture Centre","1","10","City-wide",22935,"CSP","SDFA",934,"2020"
"Toronto Council Fire Native Cultural Centre","1","13","City-wide",30000,"IACP","EDC",935,"2020"
"Toronto Dance Community Love-In","1","11","City-wide",15000,"TAC","TAC",936,"2020"
"Toronto Dance Theatre","1","13","City-wide",157000,"TAC","TAC",937,"2020"
"Toronto District School Board","1","18","City-wide",50000,"FOR","PFR",938,"2020"
"Toronto Downtown Jazz Society","1","12","City-wide",50000,"TAC","TAC",939,"2020"
"Toronto Drop-in Network","1 of 2","11","City-wide",146000,"TOS","SDFA",940,"2020"
"Toronto Drop-in Network","2 of 2","11","City-wide",140564,"TOS","SDFA",941,"2020"
"Toronto Experimental Translation Collective","1","4","City-wide",6000,"TAC","TAC",942,"2020"
"Toronto Festival of Arts, Culture and Creativity (Luminato)","1","10","City-wide",4e+05,"CADP","EDC",943,"2020"
"Toronto Festival of Comics and Graphic Arts","1","11","City-wide",20000,"TAC","TAC",944,"2020"
"Toronto Finnish-Canadian Seniors Centre","1","15","City-wide",18935,"CSP","SDFA",945,"2020"
"Toronto Foundation for Student Success","1","5","City-wide",11676904,"SNP","TPH",946,"2020"
"Toronto Intergenerational Partnerships in Community","1 of 2","20","Local",14000,"CSP","SDFA",947,"2020"
"Toronto Intergenerational Partnerships in Community","2 of 2","20","Local",52450,"CSP","SDFA",948,"2020"
"Toronto International Film Festival Inc.","1","10","City-wide",1195735,"CADP","EDC",949,"2020"
"Toronto Jewish Film Foundation/Festival","1","11","City-wide",24000,"TAC","TAC",950,"2020"
"Toronto Kiwanis Boys and Girls Club","1 of 3","13","Neighbourhood",55000,"CCRF","SDFA",951,"2020"
"Toronto Kiwanis Boys and Girls Club","2 of 3","13","Local",105060,"CSP","SDFA",952,"2020"
"Toronto Kiwanis Boys and Girls Club","3 of 3","13","Neighbourhood",110000,"PG","SDFA",953,"2020"
"Toronto Krump Movement","1","14","City-wide",6000,"TAC","TAC",954,"2020"
"Toronto Mendelssohn Choir","1","12","City-wide",70000,"TAC","TAC",955,"2020"
"Toronto Music Arts and Nature Alliance","1","9","City-wide",11000,"TAC","TAC",956,"2020"
"Toronto Operetta Theatre","1","14","City-wide",23000,"TAC","TAC",957,"2020"
"Toronto Outdoor Picture Show","1 of 2","11","Local",21000,"TAC","TAC",958,"2020"
"Toronto Outdoor Picture Show","2 of 2","11","Local",10000,"TAC","TAC",959,"2020"
"Toronto Palestine Film Festival","1","12","City-wide",8000,"TAC","TAC",960,"2020"
"Toronto Park People Projects","1","10","Local",25000,"WRCG","ENERGY & ENV.",961,"2020"
"Toronto People With AIDS Foundation","1","13","City-wide",34700,"CSP","SDFA",962,"2020"
"Toronto Performance Art Collective","1","13","City-wide",11000,"TAC","TAC",963,"2020"
"Toronto Photographers Workshop","1","9","City-wide",70000,"TAC","TAC",964,"2020"
"Toronto Public Library","1 of 3","18","City-wide",89105,"INO","SDFA",965,"2020"
"Toronto Public Library","2 of 3","18","City-wide",249219,"TOS","SDFA",966,"2020"
"Toronto Public Library","3 of 3","18","City-wide",328880,"TOS","SDFA",967,"2020"
"Toronto Queer Media & Arts Centre","1","11","City-wide",15000,"TAC","TAC",968,"2020"
"Toronto Rape Crisis Centre/Multicultural Women Against Rape","1","4","City-wide",57790,"CSP","SDFA",969,"2020"
"Toronto Reel Asian International Film Festival","1","10","City-wide",50000,"TAC","TAC",970,"2020"
"Toronto Sketch Comedy Festival Inc.","1","9","City-wide",15000,"TAC","TAC",971,"2020"
"Toronto Summer Music Foundation","1","4","City-wide",39780,"TAC","TAC",972,"2020"
"Toronto Symphony Orchestra","1","10","City-wide",1220000,"TAC","TAC",973,"2020"
"Toronto Undergraduate Jazz Festival","1","4","Local",8500,"TAC","TAC",974,"2020"
"Toronto Urban Book Expo","1","20","City-wide",6000,"TAC","TAC",975,"2020"
"Transcare Community Support Services","1","22","City-wide",89505,"CSP","SDFA",976,"2020"
"Tribal Crackling Wind for the Arts","1","13","City-wide",30000,"TAC","TAC",977,"2020"
"Trinity Square Video","1","10","City-wide",55000,"TAC","TAC",978,"2020"
"Tropicana Community Services","1 of 2","23","City-wide",30000,"TOS","SDFA",979,"2020"
"Tropicana Community Services Organization","2 of 2","23","City-wide",100860,"CSP","SDFA",980,"2020"
"Two Four Six Collective","1","19","City-wide",6000,"TAC","TAC",981,"2020"
"Ujamaa","1","15","Neighbourhood",1000,"NG","SDFA",982,"2020"
"Ukrainian Canadian Social Services (Toronto) Inc.","1","4","City-wide",42295,"CSP","SDFA",983,"2020"
"Uma Nota Culture","1","9","City-wide",10000,"TAC","TAC",984,"2020"
"Unison Health and Community Services","1 of 4","8","Local",36761.3,"HIF","SSHA",985,"2020"
"Unison Health and Community Services","2 of 4","8","Local",33795,"CSP","SDFA",986,"2020"
"Unison Health and Community Services (Lawrence Heights)","3 of 4","8","Neighbourhood",1e+05,"YVP","SDFA",987,"2020"
"Unison Health and Community Services (Neptune)","4 of 4","8","Neighbourhood",1e+05,"YVP","SDFA",988,"2020"
"Unit 2","1","9","City-wide",14180,"TAC","TAC",989,"2020"
"Unitatis Strings","1","15","City-wide",2652,"TAC","TAC",990,"2020"
"Unity Charity","1 of 2","13","City-wide",50000,"YCISI","EDC",991,"2020"
"Unity Charity","2 of 2","13","Local",28000,"TAC","TAC",992,"2020"
"University of Toronto","1 of 2","11","City-wide",92000,"TAF","TAF",993,"2020"
"University of Toronto Scarborough","2 of 2","21, 23, 24, 25","Neighbourhood",45700,"FOR","PFR",994,"2020"
"University Settlement","1 of 2","10","Local",26500,"TAC","TAC",995,"2020"
"University Settlement","2 of 2","10","Local",140320,"CSP","SDFA",996,"2020"
"Urban Alliance on Race Relations","1","13","City-wide",25000,"INO","SDFA",997,"2020"
"UrbanArts","1","5","City-wide",315435,"LASO","EDC",998,"2020"
"URGNT","1","4","Local",15000,"TAC","TAC",999,"2020"
"Vanguardia Dance Projects","1","9","City-wide",7500,"TAC","TAC",1000,"2020"
"Vermont Square Parent-Child Mother Goose Program","1","11","City-wide",28645,"CSP","SDFA",1001,"2020"
"Vesnivka Choir Inc.","1","4","City-wide",8000,"TAC","TAC",1002,"2020"
"VIBE Arts","1 of 3","10","Local",21785,"WRCG","ENERGY & ENV.",1003,"2020"
"VIBE Arts","2 of 3","10","Local",68000,"TAC","TAC",1004,"2020"
"VIBE Arts","3 of 3","10","Local",25000,"TAC","TAC",1005,"2020"
"Victim Services Toronto","1 of 2","13","City-wide",286445,"CSP","SDFA",1006,"2020"
"Victim Services Toronto","2 of 2","13","City-wide",1e+05,"CSP","SDFA",1007,"2020"
"VideoCabaret","1","10","City-wide",65000,"TAC","TAC",1008,"2020"
"Vietnamese Women's Association of Toronto (operating as VWAT Family Services)","1","9","City-wide",66475,"CSP","SDFA",1009,"2020"
"VIVA! Youth Singers of Toronto, Inc.","1","11","City-wide",35000,"TAC","TAC",1010,"2020"
"Voices of Today","1","3","City-wide",3750,"TAC","TAC",1011,"2020"
"Volcano Non-Profit Productions Inc.","1","11","City-wide",50000,"TAC","TAC",1012,"2020"
"Volta Research","1","4","City-wide",150000,"TAF","TAF",1013,"2020"
"Volunteer Centre of Toronto (operating as
Volunteer Toronto)","1","11","City-wide",213555,"CSP","SDFA",1014,"2020"
"Vox Choirs","1","9","City-wide",15000,"TAC","TAC",1015,"2020"
"Vtape","1","10","City-wide",80000,"TAC","TAC",1016,"2020"
"Wanasah","1","13","Neighbourhood",3000,"CCRF","SDFA",1017,"2020"
"Warden Woods Church and Community Centre","1 of 2","20","Local",261530,"CSP","SDFA",1018,"2020"
"Warden Woods Community Centre","2 of 2","20","Local",65000,"INO","SDFA",1019,"2020"
"Waterfront Neighbourhood Centre","1","10","Neighbourhood",76495,"CSP","SDFA",1020,"2020"
"Wave Art Collective","1","25","Local",18000,"TAC","TAC",1021,"2020"
"Wavelength Music Arts Projects","1","9","City-wide",25000,"TAC","TAC",1022,"2020"
"WE-CAN COMMUNITY NETWORK","1","5","Neighbourhood",3000,"NG","SDFA",1023,"2020"
"Wellness Café","1","15","Neighbourhood",1000,"NG","SDFA",1024,"2020"
"West Neighbourhood House","1 of 2","10","Local",24000,"TAC","TAC",1025,"2020"
"West Neighbourhood House","2 of 2","10","City-wide",150000,"TOS","SDFA",1026,"2020"
"West Scarborough Neighbourhood Community Centre","1","20","Local",216475,"CSP","SDFA",1027,"2020"
"Weston Frontlines Centre","1","5","City-wide",50000,"TOS","SDFA",1028,"2020"
"Whippersnapper Gallery Inc","1","11","City-wide",15000,"TAC","TAC",1029,"2020"
"Why Not Theatre","1","9","City-wide",40000,"TAC","TAC",1030,"2020"
"wind in the leaves collective","1","14","Local",8000,"TAC","TAC",1031,"2020"
"Woman Abuse Council of Toronto","1","5","City-wide",63945,"CSP","SDFA",1032,"2020"
"Women From Space","1","9","City-wide",4000,"TAC","TAC",1033,"2020"
"Women's Musical Club of Toronto","1","13","City-wide",2500,"TAC","TAC",1034,"2020"
"Women's West End Basketball (WWEB)","1","7","Neighbourhood",1500,"NG","SDFA",1035,"2020"
"Woodgreen - Toronto Seniors Helpline","1","14","City-wide",70000,"TOS","SDFA",1036,"2020"
"WoodGreen Community Services","1 of 2","14","Local",435945,"CSP","SDFA",1037,"2020"
"WoodGreen Community Services","2 of 2","14","City-wide",40000,"TOS","SDFA",1038,"2020"
"Workers' Action Centre","1","11","City-wide",61370,"CSP","SDFA",1039,"2020"
"Working Women Community Centre","1 of 2","9","City-wide",5600,"TAC","TAC",1040,"2020"
"Working Women Community Centre","2 of 2","9","City-wide",222190,"CSP","SDFA",1041,"2020"
"Workman Arts Project of Ontario","1 of 2","9","City-wide",20000,"TAC","TAC",1042,"2020"
"Workman Arts Project of Ontario","2 of 2","9","City-wide",30000,"TAC","TAC",1043,"2020"
"Works-in-Progress Artist Collective","1","15","City-wide",10920,"WRCG","ENERGY & ENV.",1044,"2020"
"Write2Right","1","13","Neighbourhood",3000,"NG","SDFA",1045,"2020"
"Xenia Concerts Inc.","1","11","City-wide",15000,"TAC","TAC",1046,"2020"
"Xpace Cultural Centre","1","9","City-wide",18000,"TAC","TAC",1047,"2020"
"Yiddish Glory","1","6","City-wide",2700,"TAC","TAC",1048,"2020"
"Yonge Street Mission","1 of 5","13","Local",65000,"INO","SDFA",1049,"2020"
"Yonge Street Mission","2 of 5","13","Neighbourhood",61500,"PG","SDFA",1050,"2020"
"Yonge Street Mission","3 of 5","13","Neighbourhood",70280,"PG","SDFA",1051,"2020"
"Yonge Street Mission","4 of 5","13","Neighbourhood",72900,"PG","SDFA",1052,"2020"
"Yonge Street Mission","5 of 5","13","Local",40000,"TOS","SDFA",1053,"2020"
"York Fairbank Centre for Seniors","1 of 2","12","Local",65000,"INO","SDFA",1054,"2020"
"York-Fairbank Centre for Seniors of the City of 
York","2 of 2","12","Local",269630,"CSP","SDFA",1055,"2020"
"York West Active Living Centre","1","5","Neighbourhood",122305,"CSP","SDFA",1056,"2020"
"Yorkminster Park Meals on Wheels","1","12","Local",9915,"CSP","SDFA",1057,"2020"
"Yorktown Family Services","1","8","Local",38385,"CSP","SDFA",1058,"2020"
"Young People's Theatre","1","13","City-wide",326000,"TAC","TAC",1059,"2020"
"Young Potential Fathers & Trustee","1","5","Local",66000,"TOS","SDFA",1060,"2020"
"Youth Assisting Youth","1","18","City-wide",60150,"CSP","SDFA",1061,"2020"
"YTB Gallery","1","4","City-wide",13000,"TAC","TAC",1062,"2020"
"YYZ Artists' Outlet","1","10","City-wide",65000,"TAC","TAC",1063,"2020"
"ZOU Theatre Company","1","4","City-wide",15000,"TAC","TAC",1064,"2020"
NA,NA,NA,NA,NA,NA,NA,NA,"2020"
NA,NA,NA,"TOTAL",82439275.36,NA,NA,NA,"2020"
