"Field Name / Item / Column name","Description / Definition","Comments / Examples","year"
"#","Reference number",NA,"2020"
"Organization","Name of Organization",NA,"2020"
"Ward","Ward number (City of Toronto)",NA,"2020"
"Service Area","Area that the service is being provided","Example: Neighbourhood, Local, City-wide","2020"
"City-wide","Organization's services are provided across the City of Toronto",NA,"2020"
"Local","Organization's services are provided regionally/within a couple of neighbourhoods",NA,"2020"
"Neighbourhood","Organization's services are provided within one neighbourhood",NA,"2020"
"Total Number of Grants","1064",NA,"2020"
"Total Funding Amount","82439275.359999999",NA,"2020"
NA,NA,NA,"2020"
"AEHR","Access Equity and Human Rights","Not funded in the reporting year","2020"
"CADP","Cultural Access and Development Program",NA,"2020"
"CB","Capacity Building Grants",NA,"2020"
"CBIP","Culture Build Investment Program","Not funded in the reporting year","2020"
"CCRF","Community Crisis Response Fund",NA,"2020"
"CLI","Community Legacy Initiatives","Not funded in the reporting year","2020"
"CSI","Community Safety Investments","Not funded in the reporting year","2020"
"CSP","Community Services Partnerships",NA,"2020"
"FEST","Community Festivals & Special Events","Not funded in the reporting year","2020"
"FOR","Urban Forestry",NA,"2020"
"GSCM","Grants to Specialized Collection Museum","Not funded in the reporting year","2020"
"GV","Gun Violence Grants","Not funded in the reporting year","2020"
"HIF","Homeless Initative Fund",NA,"2020"
"IACP","Indigenous Arts and Culture Partnerships Fund",NA,"2020"
"INI","Identify & Impact","Not funded in the reporting year","2020"
"INO","Innovations Grants",NA,"2020"
"LASO","Local Arts Service Organizations",NA,"2020"
"MCO","Major Cultural Organizations","Not funded in the reporting year","2020"
"MUS","Museums","Not funded in the reporting year","2020"
"NCAG","Neighbourhood Climate Action Grants","Not funded in the reporting year","2020"
"NG","Neighbourhood Grants",NA,"2020"
"Other","Other Grants",NA,"2020"
"PG","Projects and Events Grants ( Events)",NA,"2020"
"PTCG","PollinateTO Community Grant Program","Not funded in the reporting year","2020"
"REC","Community Recreation","Not funded in the reporting year","2020"
"SDIP","Social Development Investment Program","Not funded in the reporting year","2020"
"SNP","Student Nutrition Program",NA,"2020"
"StART MP","StreetARToronto Monumental Program","Not funded in the reporting year","2020"
"StART PP","StreetARToronto Partnership Program",NA,"2020"
"TAC","Toronto Arts Council",NA,"2020"
"TAF","Toronto Atmospheric Fund",NA,"2020"
"TOS","TO Supports Fund",NA,"2020"
"WRCG","Waste Reduction Community Grants",NA,"2020"
"YCISI","Youth Cultural Incubators Stabilization Initiative",NA,"2020"
"YVP","Youth Violence Prevention Grants",NA,"2020"
NA,NA,NA,"2020"
"NOTE",NA,NA,"2020"
"Please note there are differences in the Ward location for the same organization as some grant makers note the organization's physical address while others list the address of the actual investment, for instance the Ward where the trees are planted",NA,NA,"2020"
