"id","year","funder_code","funder_fullname","funder_category","grant_amount","winner_id","winner_full_name","winner_service_area","winner_ward_number","factor"
1,2010,1,"Funder_1","Environment",1000,7,"Organization_G","city",14,1.15
2,2010,2,"Funder_2","Health",2000,12,"Organization_L","neighbourhood",12,1.15
3,2010,2,"Funder_2","Health",2000,14,"Organization_N","local",1,1.15
4,2010,2,"Funder_2","Health",2000,1,"Organization_A","city",2,1.15
5,2010,3,"Funder_3","Arts",1000,6,"Organization_F","neighbourhood",8,1.15
6,2010,3,"Funder_3","Arts",1000,3,"Organization_C","neighbourhood",5,1.15
7,2010,4,"Funder_4","Indigenous",5000,12,"Organization_L","neighbourhood",12,1.15
8,2010,5,"Funder_5","Housing",15000,1,"Organization_A","city",2,1.15
9,2010,5,"Funder_5","Housing",15000,5,"Organization_E","local",7,1.15
10,2010,5,"Funder_5","Housing",15000,5,"Organization_E","local",7,1.15
11,2010,5,"Funder_5","Housing",15000,5,"Organization_E","local",7,1.15
12,2010,6,"Funder_6","Heritage",3000,12,"Organization_L","neighbourhood",12,1.15
13,2010,7,"Funder_7","Community safety",5000,14,"Organization_N","local",1,1.15
14,2010,7,"Funder_7","Community safety",5000,14,"Organization_N","local",1,1.15
15,2011,1,"Funder_1","Environment",1000,10,"Organization_J","city",13,1.14
16,2011,2,"Funder_2","Health",2000,8,"Organization_H","local",11,1.14
17,2011,2,"Funder_2","Health",2000,1,"Organization_A","city",2,1.14
18,2011,2,"Funder_2","Health",2000,12,"Organization_L","neighbourhood",12,1.14
19,2011,3,"Funder_3","Arts",1000,6,"Organization_F","neighbourhood",8,1.14
20,2011,3,"Funder_3","Arts",1000,3,"Organization_C","neighbourhood",5,1.14
21,2011,4,"Funder_4","Indigenous",5000,4,"Organization_D","city",6,1.14
22,2011,5,"Funder_5","Housing",15000,5,"Organization_E","local",7,1.14
23,2011,5,"Funder_5","Housing",15000,10,"Organization_J","city",13,1.14
24,2011,5,"Funder_5","Housing",15000,1,"Organization_A","city",2,1.14
25,2011,5,"Funder_5","Housing",15000,5,"Organization_E","local",7,1.14
26,2011,6,"Funder_6","Heritage",3000,12,"Organization_L","neighbourhood",12,1.14
27,2011,7,"Funder_7","Community safety",5000,7,"Organization_G","city",14,1.14
28,2011,7,"Funder_7","Community safety",5000,7,"Organization_G","city",14,1.14
29,2012,1,"Funder_1","Environment",1000,2,"Organization_B","local",4,1.13
30,2012,2,"Funder_2","Health",2000,10,"Organization_J","city",13,1.13
31,2012,2,"Funder_2","Health",2000,12,"Organization_L","neighbourhood",12,1.13
32,2012,2,"Funder_2","Health",2000,2,"Organization_B","local",4,1.13
33,2012,3,"Funder_3","Arts",1000,9,"Organization_I","neighbourhood",12,1.13
34,2012,3,"Funder_3","Arts",1000,9,"Organization_I","neighbourhood",12,1.13
35,2012,4,"Funder_4","Indigenous",5000,8,"Organization_H","local",11,1.13
36,2012,5,"Funder_5","Housing",15000,5,"Organization_E","local",7,1.13
37,2012,5,"Funder_5","Housing",15000,10,"Organization_J","city",13,1.13
38,2012,5,"Funder_5","Housing",15000,10,"Organization_J","city",13,1.13
39,2012,5,"Funder_5","Housing",15000,1,"Organization_A","city",2,1.13
40,2012,6,"Funder_6","Heritage",3000,6,"Organization_F","neighbourhood",8,1.13
41,2012,7,"Funder_7","Community safety",5000,14,"Organization_N","local",1,1.13
42,2012,7,"Funder_7","Community safety",5000,14,"Organization_N","local",1,1.13
43,2013,1,"Funder_1","Environment",1000,5,"Organization_E","local",7,1.12
44,2013,2,"Funder_2","Health",2000,6,"Organization_F","neighbourhood",8,1.12
45,2013,2,"Funder_2","Health",2000,4,"Organization_D","city",6,1.12
46,2013,2,"Funder_2","Health",2000,6,"Organization_F","neighbourhood",8,1.12
47,2013,3,"Funder_3","Arts",1000,6,"Organization_F","neighbourhood",8,1.12
48,2013,3,"Funder_3","Arts",1000,9,"Organization_I","neighbourhood",12,1.12
49,2013,4,"Funder_4","Indigenous",5000,4,"Organization_D","city",6,1.12
50,2013,5,"Funder_5","Housing",15000,10,"Organization_J","city",13,1.12
51,2013,5,"Funder_5","Housing",15000,10,"Organization_J","city",13,1.12
52,2013,5,"Funder_5","Housing",15000,1,"Organization_A","city",2,1.12
53,2013,5,"Funder_5","Housing",15000,5,"Organization_E","local",7,1.12
54,2013,6,"Funder_6","Heritage",3000,6,"Organization_F","neighbourhood",8,1.12
55,2013,7,"Funder_7","Community safety",5000,14,"Organization_N","local",1,1.12
56,2013,7,"Funder_7","Community safety",5000,14,"Organization_N","local",1,1.12
57,2014,1,"Funder_1","Environment",1000,3,"Organization_C","neighbourhood",5,1.11
58,2014,2,"Funder_2","Health",2000,8,"Organization_H","local",11,1.11
59,2014,2,"Funder_2","Health",2000,14,"Organization_N","local",1,1.11
60,2014,2,"Funder_2","Health",2000,12,"Organization_L","neighbourhood",12,1.11
61,2014,3,"Funder_3","Arts",1000,12,"Organization_L","neighbourhood",12,1.11
62,2014,3,"Funder_3","Arts",1000,3,"Organization_C","neighbourhood",5,1.11
63,2014,4,"Funder_4","Indigenous",5000,12,"Organization_L","neighbourhood",12,1.11
64,2014,5,"Funder_5","Housing",15000,5,"Organization_E","local",7,1.11
65,2014,5,"Funder_5","Housing",15000,5,"Organization_E","local",7,1.11
66,2014,5,"Funder_5","Housing",15000,5,"Organization_E","local",7,1.11
67,2014,5,"Funder_5","Housing",15000,10,"Organization_J","city",13,1.11
68,2014,6,"Funder_6","Heritage",3000,12,"Organization_L","neighbourhood",12,1.11
69,2014,7,"Funder_7","Community safety",5000,7,"Organization_G","city",14,1.11
70,2014,7,"Funder_7","Community safety",5000,7,"Organization_G","city",14,1.11
71,2015,1,"Funder_1","Environment",1000,5,"Organization_E","local",7,1.1
72,2015,2,"Funder_2","Health",2000,4,"Organization_D","city",6,1.1
73,2015,2,"Funder_2","Health",2000,10,"Organization_J","city",13,1.1
74,2015,2,"Funder_2","Health",2000,1,"Organization_A","city",2,1.1
75,2015,3,"Funder_3","Arts",1000,3,"Organization_C","neighbourhood",5,1.1
76,2015,3,"Funder_3","Arts",1000,3,"Organization_C","neighbourhood",5,1.1
77,2015,4,"Funder_4","Indigenous",5000,8,"Organization_H","local",11,1.1
78,2015,5,"Funder_5","Housing",15000,5,"Organization_E","local",7,1.1
79,2015,5,"Funder_5","Housing",15000,1,"Organization_A","city",2,1.1
80,2015,5,"Funder_5","Housing",15000,1,"Organization_A","city",2,1.1
81,2015,5,"Funder_5","Housing",15000,5,"Organization_E","local",7,1.1
82,2015,6,"Funder_6","Heritage",3000,1,"Organization_A","city",2,1.1
83,2015,7,"Funder_7","Community safety",5000,14,"Organization_N","local",1,1.1
84,2015,7,"Funder_7","Community safety",5000,14,"Organization_N","local",1,1.1
85,2016,1,"Funder_1","Environment",1000,7,"Organization_G","city",14,1.09
86,2016,2,"Funder_2","Health",2000,2,"Organization_B","local",4,1.09
87,2016,2,"Funder_2","Health",2000,14,"Organization_N","local",1,1.09
88,2016,2,"Funder_2","Health",2000,1,"Organization_A","city",2,1.09
89,2016,3,"Funder_3","Arts",1000,6,"Organization_F","neighbourhood",8,1.09
90,2016,3,"Funder_3","Arts",1000,3,"Organization_C","neighbourhood",5,1.09
91,2016,4,"Funder_4","Indigenous",5000,12,"Organization_L","neighbourhood",12,1.09
92,2016,5,"Funder_5","Housing",15000,1,"Organization_A","city",2,1.09
93,2016,5,"Funder_5","Housing",15000,5,"Organization_E","local",7,1.09
94,2016,5,"Funder_5","Housing",15000,10,"Organization_J","city",13,1.09
95,2016,5,"Funder_5","Housing",15000,10,"Organization_J","city",13,1.09
96,2016,6,"Funder_6","Heritage",3000,1,"Organization_A","city",2,1.09
97,2016,7,"Funder_7","Community safety",5000,14,"Organization_N","local",1,1.09
98,2016,7,"Funder_7","Community safety",5000,14,"Organization_N","local",1,1.09
99,2017,1,"Funder_1","Environment",1000,14,"Organization_N","local",1,1.08
100,2017,2,"Funder_2","Health",2000,12,"Organization_L","neighbourhood",12,1.08
101,2017,2,"Funder_2","Health",2000,8,"Organization_H","local",11,1.08
102,2017,2,"Funder_2","Health",2000,4,"Organization_D","city",6,1.08
103,2017,3,"Funder_3","Arts",1000,1,"Organization_A","city",2,1.08
104,2017,3,"Funder_3","Arts",1000,3,"Organization_C","neighbourhood",5,1.08
105,2017,4,"Funder_4","Indigenous",5000,12,"Organization_L","neighbourhood",12,1.08
106,2017,5,"Funder_5","Housing",15000,5,"Organization_E","local",7,1.08
107,2017,5,"Funder_5","Housing",15000,10,"Organization_J","city",13,1.08
108,2017,5,"Funder_5","Housing",15000,5,"Organization_E","local",7,1.08
109,2017,5,"Funder_5","Housing",15000,1,"Organization_A","city",2,1.08
110,2017,6,"Funder_6","Heritage",3000,12,"Organization_L","neighbourhood",12,1.08
111,2017,7,"Funder_7","Community safety",5000,1,"Organization_A","city",2,1.08
112,2017,7,"Funder_7","Community safety",5000,1,"Organization_A","city",2,1.08
113,2018,1,"Funder_1","Environment",1000,10,"Organization_J","city",13,1.07
114,2018,2,"Funder_2","Health",2000,1,"Organization_A","city",2,1.07
115,2018,2,"Funder_2","Health",2000,14,"Organization_N","local",1,1.07
116,2018,2,"Funder_2","Health",2000,14,"Organization_N","local",1,1.07
117,2018,3,"Funder_3","Arts",1000,1,"Organization_A","city",2,1.07
118,2018,3,"Funder_3","Arts",1000,3,"Organization_C","neighbourhood",5,1.07
119,2018,4,"Funder_4","Indigenous",5000,2,"Organization_B","local",4,1.07
120,2018,5,"Funder_5","Housing",15000,5,"Organization_E","local",7,1.07
121,2018,5,"Funder_5","Housing",15000,5,"Organization_E","local",7,1.07
122,2018,5,"Funder_5","Housing",15000,5,"Organization_E","local",7,1.07
123,2018,5,"Funder_5","Housing",15000,5,"Organization_E","local",7,1.07
124,2018,6,"Funder_6","Heritage",3000,1,"Organization_A","city",2,1.07
125,2018,7,"Funder_7","Community safety",5000,14,"Organization_N","local",1,1.07
126,2018,7,"Funder_7","Community safety",5000,14,"Organization_N","local",1,1.07
127,2019,1,"Funder_1","Environment",1000,7,"Organization_G","city",14,1.06
128,2019,2,"Funder_2","Health",2000,12,"Organization_L","neighbourhood",12,1.06
129,2019,2,"Funder_2","Health",2000,6,"Organization_F","neighbourhood",8,1.06
130,2019,2,"Funder_2","Health",2000,6,"Organization_F","neighbourhood",8,1.06
131,2019,3,"Funder_3","Arts",1000,3,"Organization_C","neighbourhood",5,1.06
132,2019,3,"Funder_3","Arts",1000,6,"Organization_F","neighbourhood",8,1.06
133,2019,4,"Funder_4","Indigenous",5000,8,"Organization_H","local",11,1.06
134,2019,5,"Funder_5","Housing",15000,1,"Organization_A","city",2,1.06
135,2019,5,"Funder_5","Housing",15000,1,"Organization_A","city",2,1.06
136,2019,5,"Funder_5","Housing",15000,5,"Organization_E","local",7,1.06
137,2019,5,"Funder_5","Housing",15000,10,"Organization_J","city",13,1.06
138,2019,6,"Funder_6","Heritage",3000,3,"Organization_C","neighbourhood",5,1.06
139,2019,7,"Funder_7","Community safety",5000,7,"Organization_G","city",14,1.06
140,2019,7,"Funder_7","Community safety",5000,7,"Organization_G","city",14,1.06
141,2020,1,"Funder_1","Environment",1000,4,"Organization_D","city",6,1.05
142,2020,2,"Funder_2","Health",2000,6,"Organization_F","neighbourhood",8,1.05
143,2020,2,"Funder_2","Health",2000,8,"Organization_H","local",11,1.05
144,2020,2,"Funder_2","Health",2000,4,"Organization_D","city",6,1.05
145,2020,3,"Funder_3","Arts",1000,3,"Organization_C","neighbourhood",5,1.05
146,2020,3,"Funder_3","Arts",1000,1,"Organization_A","city",2,1.05
147,2020,4,"Funder_4","Indigenous",5000,8,"Organization_H","local",11,1.05
148,2020,5,"Funder_5","Housing",15000,5,"Organization_E","local",7,1.05
149,2020,5,"Funder_5","Housing",15000,10,"Organization_J","city",13,1.05
150,2020,5,"Funder_5","Housing",15000,5,"Organization_E","local",7,1.05
151,2020,5,"Funder_5","Housing",15000,5,"Organization_E","local",7,1.05
152,2020,6,"Funder_6","Heritage",3000,2,"Organization_B","local",4,1.05
153,2020,7,"Funder_7","Community safety",5000,7,"Organization_G","city",14,1.05
154,2020,7,"Funder_7","Community safety",5000,7,"Organization_G","city",14,1.05
155,2021,1,"Funder_1","Environment",1000,9,"Organization_I","neighbourhood",12,1.04
156,2021,2,"Funder_2","Health",2000,10,"Organization_J","city",13,1.04
157,2021,2,"Funder_2","Health",2000,2,"Organization_B","local",4,1.04
158,2021,2,"Funder_2","Health",2000,12,"Organization_L","neighbourhood",12,1.04
159,2021,3,"Funder_3","Arts",1000,12,"Organization_L","neighbourhood",12,1.04
160,2021,3,"Funder_3","Arts",1000,1,"Organization_A","city",2,1.04
161,2021,4,"Funder_4","Indigenous",5000,8,"Organization_H","local",11,1.04
162,2021,5,"Funder_5","Housing",15000,10,"Organization_J","city",13,1.04
163,2021,5,"Funder_5","Housing",15000,10,"Organization_J","city",13,1.04
164,2021,5,"Funder_5","Housing",15000,1,"Organization_A","city",2,1.04
165,2021,5,"Funder_5","Housing",15000,5,"Organization_E","local",7,1.04
166,2021,6,"Funder_6","Heritage",3000,3,"Organization_C","neighbourhood",5,1.04
167,2021,7,"Funder_7","Community safety",5000,7,"Organization_G","city",14,1.04
168,2021,7,"Funder_7","Community safety",5000,7,"Organization_G","city",14,1.04
169,2022,1,"Funder_1","Environment",1000,2,"Organization_B","local",4,1.03
170,2022,2,"Funder_2","Health",2000,6,"Organization_F","neighbourhood",8,1.03
171,2022,2,"Funder_2","Health",2000,6,"Organization_F","neighbourhood",8,1.03
172,2022,2,"Funder_2","Health",2000,10,"Organization_J","city",13,1.03
173,2022,3,"Funder_3","Arts",1000,3,"Organization_C","neighbourhood",5,1.03
174,2022,3,"Funder_3","Arts",1000,12,"Organization_L","neighbourhood",12,1.03
175,2022,4,"Funder_4","Indigenous",5000,12,"Organization_L","neighbourhood",12,1.03
176,2022,5,"Funder_5","Housing",15000,10,"Organization_J","city",13,1.03
177,2022,5,"Funder_5","Housing",15000,10,"Organization_J","city",13,1.03
178,2022,5,"Funder_5","Housing",15000,10,"Organization_J","city",13,1.03
179,2022,5,"Funder_5","Housing",15000,1,"Organization_A","city",2,1.03
180,2022,6,"Funder_6","Heritage",3000,12,"Organization_L","neighbourhood",12,1.03
181,2022,7,"Funder_7","Community safety",5000,1,"Organization_A","city",2,1.03
182,2022,7,"Funder_7","Community safety",5000,1,"Organization_A","city",2,1.03
183,2023,1,"Funder_1","Environment",1000,11,"Organization_K","local",9,1.02
184,2023,2,"Funder_2","Health",2000,4,"Organization_D","city",6,1.02
185,2023,2,"Funder_2","Health",2000,4,"Organization_D","city",6,1.02
186,2023,2,"Funder_2","Health",2000,2,"Organization_B","local",4,1.02
187,2023,3,"Funder_3","Arts",1000,3,"Organization_C","neighbourhood",5,1.02
188,2023,3,"Funder_3","Arts",1000,3,"Organization_C","neighbourhood",5,1.02
189,2023,4,"Funder_4","Indigenous",5000,2,"Organization_B","local",4,1.02
190,2023,5,"Funder_5","Housing",15000,1,"Organization_A","city",2,1.02
191,2023,5,"Funder_5","Housing",15000,10,"Organization_J","city",13,1.02
192,2023,5,"Funder_5","Housing",15000,1,"Organization_A","city",2,1.02
193,2023,5,"Funder_5","Housing",15000,5,"Organization_E","local",7,1.02
194,2023,6,"Funder_6","Heritage",3000,1,"Organization_A","city",2,1.02
195,2023,7,"Funder_7","Community safety",5000,1,"Organization_A","city",2,1.02
196,2023,7,"Funder_7","Community safety",5000,1,"Organization_A","city",2,1.02
197,2024,1,"Funder_1","Environment",1000,5,"Organization_E","local",7,1.01
198,2024,2,"Funder_2","Health",2000,14,"Organization_N","local",1,1.01
199,2024,2,"Funder_2","Health",2000,8,"Organization_H","local",11,1.01
200,2024,2,"Funder_2","Health",2000,12,"Organization_L","neighbourhood",12,1.01
201,2024,3,"Funder_3","Arts",1000,3,"Organization_C","neighbourhood",5,1.01
202,2024,3,"Funder_3","Arts",1000,3,"Organization_C","neighbourhood",5,1.01
203,2024,4,"Funder_4","Indigenous",5000,4,"Organization_D","city",6,1.01
204,2024,5,"Funder_5","Housing",15000,10,"Organization_J","city",13,1.01
205,2024,5,"Funder_5","Housing",15000,10,"Organization_J","city",13,1.01
206,2024,5,"Funder_5","Housing",15000,5,"Organization_E","local",7,1.01
207,2024,5,"Funder_5","Housing",15000,5,"Organization_E","local",7,1.01
208,2024,6,"Funder_6","Heritage",3000,2,"Organization_B","local",4,1.01
209,2024,7,"Funder_7","Community safety",5000,7,"Organization_G","city",14,1.01
210,2024,7,"Funder_7","Community safety",5000,7,"Organization_G","city",14,1.01
211,2025,1,"Funder_1","Environment",1000,3,"Organization_C","neighbourhood",5,1
212,2025,2,"Funder_2","Health",2000,6,"Organization_F","neighbourhood",8,1
213,2025,2,"Funder_2","Health",2000,14,"Organization_N","local",1,1
214,2025,2,"Funder_2","Health",2000,4,"Organization_D","city",6,1
215,2025,3,"Funder_3","Arts",1000,6,"Organization_F","neighbourhood",8,1
216,2025,3,"Funder_3","Arts",1000,6,"Organization_F","neighbourhood",8,1
217,2025,4,"Funder_4","Indigenous",5000,2,"Organization_B","local",4,1
218,2025,5,"Funder_5","Housing",15000,5,"Organization_E","local",7,1
219,2025,5,"Funder_5","Housing",15000,10,"Organization_J","city",13,1
220,2025,5,"Funder_5","Housing",15000,5,"Organization_E","local",7,1
221,2025,5,"Funder_5","Housing",15000,5,"Organization_E","local",7,1
222,2025,6,"Funder_6","Heritage",3000,3,"Organization_C","neighbourhood",5,1
223,2025,7,"Funder_7","Community safety",5000,14,"Organization_N","local",1,1
224,2025,7,"Funder_7","Community safety",5000,14,"Organization_N","local",1,1
